Release	Date	%+-YD	%+-LW	Days	google trends	Avg TD	Avg YD	Weekly	Weekly %+-YD	Weekly %+-LW	Avg Theatre	Avg per Theatre Avg	Avg To Date	Y	Week + 1
Tesla	2020-08-24	-39.40000000000001	-185.8	49.0	425.170068027211	7.857142857142858	7.428571428571429	34098.0	-39.40000000000001	-185.8	99.0	49.57142857142857	60857.42857142857	2020-08-31	4732.0
Bill & Ted Face the Music	2020-08-24	-46.5	0.0	6.0	1.86	1.2857142857142858	0.8571428571428571	1125007.0	-46.5	0.0	431.57142857142856	159.42857142857142	349494.2857142857	2020-08-31	1142565.0
Unhinged	2020-08-24	121.70000000000002	-106.2	98.0	22.619047619047628	1.4285714285714286	1.2857142857142858	3819220.0	121.70000000000002	-106.2	2040.7142857142856	254.14285714285717	6757880.571428573	2020-08-31	2598055.0
Juvenile Delinquents	2020-08-24	0.0	0.0	354.0	0.0	3.7142857142857135	0.0	1260.0	0.0	0.0	0.2857142857142857	180.0	9700.57142857143	2020-08-31	0.0
Words on Bathroom Walls	2020-08-24	159.3	9.3	49.0	4.04	3.8571428571428568	3.571428571428572	646438.0	159.3	9.3	1125.857142857143	75.85714285714286	722750.0	2020-08-31	455438.0
The SpongeBob Movie: Sponge on the Run	2020-08-24	40.49999999999999	-200.9	98.0	0.59	3.4285714285714284	3.1428571428571432	876759.0	40.49999999999999	-200.9	320.85714285714283	390.71428571428567	2572071.8571428573	2020-08-31	345000.0
The Rental	2020-08-24	-59.0	-372.0	245.0	13.930232558139535	6.7142857142857135	6.142857142857142	50276.0	-59.0	-372.0	84.85714285714286	93.0	1538798.8571428568	2020-08-31	0.0
Tulsa	2020-08-24	19.1	-125.4	49.0	65.38170823885112	5.7142857142857135	5.142857142857143	80500.0	19.1	-125.4	177.85714285714286	66.28571428571429	118957.85714285714	2020-08-31	41729.0
The Personal History of David Copperfield	2020-08-24	-34.2	0.0	6.0	1.48	2.0	1.1428571428571428	475800.0	-34.2	0.0	582.8571428571429	49.85714285714285	149621.2857142857	2020-08-31	515111.0
The Eight Hundred	2020-08-24	-34.7	0.0	6.0	0.6	3.0	2.0	118161.0	-34.7	0.0	59.57142857142857	121.28571428571428	35876.28571428572	2020-08-31	132054.0
Made in Italy	2020-08-24	-9.6	-427.0	147.0	4.7142857142857135	9.714285714285714	9.142857142857142	5800.0	-9.6	-427.0	28.0	35.57142857142857	91224.28571428572	2020-08-31	2011.0
The Gentlemen	2020-08-24	25.90000000000001	2589.7000000000007	862.0	3.66	3.8571428571428568	3.8571428571428568	17272.0	25.90000000000001	2589.7000000000007	21.714285714285715	64.71428571428571	20836657.14285714	2020-08-31	0.0
Centigrade	2020-08-24	-72.5	0.0	6.0	3.054945054945055	4.714285714285714	3.1428571428571432	6480.0	-72.5	0.0	12.0	32.857142857142854	2206.5714285714284	2020-08-31	3225.0
The New Mutants	2020-08-24	-61.2	0.0	6.0	22.486772486772495	0.42857142857142855	0.2857142857142857	7037017.0	-61.2	0.0	1033.7142857142858	416.4285714285714	2245269.0	2020-08-31	4753312.0
The Eight Hundred	2020-08-31	0.4000000000000004	-137.39999999999998	49.0	1.63	6.428571428571429	6.428571428571429	132054.0	0.4000000000000004	-137.39999999999998	109.42857142857143	171.71428571428572	191535.57142857145	2020-09-07	67253.0
Bill & Ted Face the Music	2020-08-31	88.80000000000004	-81.00000000000001	49.0	1.97	3.0	3.0	1142565.0	88.80000000000004	-81.00000000000001	983.8571428571428	167.85714285714286	1632204.2857142857	2020-09-07	539717.0
Centigrade	2020-08-31	-21.699999999999992	0.0	22.0	2.3626373626373627	5.0	5.428571428571429	3225.0	-21.699999999999992	0.0	16.0	16.285714285714285	4891.571428571428	2020-09-07	0.0
Unhinged	2020-08-31	111.3	-220.50000000000003	147.0	19.365079365079367	2.0	2.0	2598055.0	111.3	-220.50000000000003	2361.428571428572	155.42857142857142	9956555.857142856	2020-09-07	2403341.0
The Personal History of David Copperfield	2020-08-31	76.60000000000002	-77.4	49.0	1.79	4.571428571428571	4.714285714285714	515111.0	76.60000000000002	-77.4	1441.428571428571	49.28571428571429	713207.0	2020-09-07	414661.0
Tesla	2020-08-31	-84.60000000000002	-294.6	50.0	392.36373561770404	4.714285714285714	4.857142857142857	4732.0	-84.60000000000002	-294.6	49.714285714285715	7.428571428571429	45380.571428571435	2020-09-07	0.0
The SpongeBob Movie: Sponge on the Run	2020-08-31	36.8	-53.7	69.0	0.19	1.8571428571428568	1.2857142857142858	345000.0	36.8	-53.7	130.28571428571428	162.0	1366347.857142857	2020-09-07	225829.0
Words on Bathroom Walls	2020-08-31	39.89999999999999	-142.1	98.0	2.51	5.142857142857143	5.0	455438.0	39.89999999999999	-142.1	1297.7142857142858	51.714285714285715	1297046.857142857	2020-09-07	407307.0
The New Mutants	2020-08-31	55.19999999999999	-156.20000000000005	49.0	23.620559334845066	1.0	1.0	4753312.0	55.19999999999999	-156.20000000000005	2558.5714285714284	258.7142857142857	9245235.42857143	2020-09-07	3539243.0
Bump Kowalski and the Ten Commandments	2020-08-31	0.0	0.0	50.0	0.0	1.4285714285714286	0.0	540.0	0.0	0.0	0.14285714285714285	77.14285714285714	348.42857142857144	2020-09-07	198.0
Made in Italy	2020-08-31	-20.9	-137.3	106.0	2.204081632653061	5.857142857142858	6.142857142857142	2011.0	-20.9	-137.3	9.142857142857142	17.571428571428573	54345.285714285725	2020-09-07	0.0
My Brothers' Crossing	2020-08-31	-3.5	0.0	9.0	0.083616	3.7142857142857135	2.4285714285714284	19386.0	-3.5	0.0	31.285714285714285	37.714285714285715	5574.571428571428	2020-09-07	19994.0
Tulsa	2020-08-31	143.8	-340.19999999999993	98.0	63.869992441421054	7.571428571428571	7.571428571428571	41729.0	143.8	-340.19999999999993	126.57142857142857	57.714285714285715	179281.7142857143	2020-09-07	42650.0
The New Mutants	2020-09-07	51.80000000000002	-161.0	98.0	16.817838246409682	1.0	1.0	3539243.0	51.80000000000002	-161.0	2732.5714285714284	185.14285714285717	13628574.285714285	2020-09-14	2220235.0
Bill & Ted Face the Music	2020-09-07	-26.39999999999999	-322.4000000000001	98.0	1.21	3.571428571428572	3.2857142857142856	539717.0	-26.39999999999999	-322.4000000000001	890.4285714285713	88.2857142857143	2536969.1428571427	2020-09-14	310174.0
The Personal History of David Copperfield	2020-09-07	-18.899999999999984	-29.100000000000016	98.0	1.24	5.142857142857143	4.857142857142857	414661.0	-18.899999999999984	-29.100000000000016	1401.2857142857142	42.857142857142854	1232665.142857143	2020-09-14	220681.0
Bump Kowalski and the Ten Commandments	2020-09-07	0.0	0.0	62.0	0.0	1.8571428571428568	0.0	198.0	0.0	0.0	0.14285714285714285	28.285714285714285	376.71428571428567	2020-09-14	0.0
Guest Artist	2020-09-07	0.0	0.0	60.0	0.0091728	1.7142857142857142	0.0	144.0	0.0	0.0	0.14285714285714285	20.571428571428573	1367.5714285714287	2020-09-14	0.0
In the Life of Music	2020-09-07	0.0	0.0	25.0	0.042432	1.4285714285714286	0.0	253.0	0.0	0.0	0.14285714285714285	36.142857142857146	683.4285714285714	2020-09-14	0.0
The Eight Hundred	2020-09-07	-52.80000000000001	-338.6	98.0	1.34	7.142857142857142	7.0	67253.0	-52.80000000000001	-338.6	89.42857142857143	110.71428571428572	291288.85714285716	2020-09-14	13811.0
The Burnt Orange Heresy	2020-09-07	0.0	0.0	186.0	0.05749213483146068	1.2857142857142858	0.0	430.0	0.0	0.0	1.0	8.714285714285714	20185.85714285714	2020-09-14	0.0
Unhinged	2020-09-07	89.4	9.900000000000006	196.0	17.222222222222225	2.0	2.0	2403341.0	89.4	9.900000000000006	2386.142857142857	143.71428571428572	12633840.285714285	2020-09-14	1852498.0
The Broken Hearts Gallery	2020-09-07	-45.2	0.0	6.0	3.1000000000000005	1.2857142857142858	0.8571428571428571	1126401.0	-45.2	0.0	946.7142857142856	72.57142857142857	350772.71428571426	2020-09-14	1282815.0
Words on Bathroom Walls	2020-09-07	55.9	-51.20000000000001	147.0	2.23	5.142857142857143	5.142857142857143	407307.0	55.9	-51.20000000000001	1097.2857142857142	54.0	1752856.1428571432	2020-09-14	246859.0
Killer Raccoons! 2! Dark Christmas in the Dark!	2020-09-07	0.0	0.0	39.0	0.0	1.5714285714285714	0.0	167.0	0.0	0.0	0.14285714285714285	23.857142857142854	1730.857142857143	2020-09-14	0.0
She Dies Tomorrow	2020-09-07	-40.0	0.0	132.0	0.147264	4.0	2.571428571428572	26914.0	-40.0	0.0	1.2857142857142858	1281.4285714285713	108360.85714285713	2020-09-14	39179.0
The SpongeBob Movie: Sponge on the Run	2020-09-07	89.9	-107.6	90.0	0.23	2.4285714285714284	1.8571428571428568	225829.0	89.9	-107.6	114.42857142857143	120.42857142857143	1662609.8571428568	2020-09-14	272658.0
Rent-A-Pal	2020-09-07	-39.5	0.0	6.0	0.054163199999999995	4.714285714285714	3.1428571428571432	19650.0	-39.5	0.0	24.0	49.85714285714285	6137.0	2020-09-14	4498.0
My Brothers' Crossing	2020-09-07	-23.499999999999986	-141.2	56.0	0.06988799999999999	9.571428571428571	9.142857142857142	19994.0	-23.499999999999986	-141.2	71.85714285714286	39.42857142857143	30543.714285714286	2020-09-14	9664.0
Tulsa	2020-09-07	186.0	50.90000000000001	147.0	61.41345427059717	8.0	7.857142857142858	42650.0	186.0	50.90000000000001	86.7142857142857	68.14285714285714	222584.1428571429	2020-09-14	48372.0
The Secrets We Keep	2020-09-14	130.5	0.0	15.0	1.54	6.0	4.714285714285714	112273.0	130.5	0.0	201.85714285714286	26.42857142857143	41264.71428571428	2020-09-21	69349.0
The Personal History of David Copperfield	2020-09-14	-40.7	-223.1	126.0	0.8500000000000001	5.428571428571429	4.714285714285714	220681.0	-40.7	-223.1	947.1428571428572	29.0	1304015.2857142857	2020-09-21	130798.0
She Dies Tomorrow	2020-09-14	157.29999999999995	-2.799999999999999	343.0	0.238368	10.714285714285714	10.142857142857142	39179.0	157.29999999999995	-2.799999999999999	3.0	1865.2857142857144	278459.71428571426	2020-09-21	26350.0
The Eight Hundred	2020-09-14	-27.00000000000001	-241.6	78.0	0.6900000000000001	4.857142857142857	4.857142857142857	13811.0	-27.00000000000001	-241.6	28.857142857142854	38.42857142857143	186482.57142857145	2020-09-21	0.0
The New Mutants	2020-09-14	-35.3	-183.3	126.0	9.826152683295543	1.0	0.8571428571428571	2220235.0	-35.3	-183.3	2238.0	123.28571428571428	14059477.857142854	2020-09-21	1742824.0
The Nest	2020-09-14	-23.6	0.0	6.0	20.786092214663654	4.571428571428571	3.1428571428571432	65540.0	-23.6	0.0	129.0	31.0	19683.14285714286	2020-09-21	23666.0
The Broken Hearts Gallery	2020-09-14	68.19999999999999	-83.5	49.0	4.666666666666666	3.2857142857142856	3.1428571428571432	1282815.0	68.19999999999999	-83.5	2214.1428571428573	82.0	1744167.4285714286	2020-09-21	860404.0
Infidel	2020-09-14	-37.6	0.0	6.0	10.555555555555557	0.8571428571428571	0.5714285714285714	1384296.0	-37.6	0.0	738.8571428571429	114.57142857142857	423786.4285714286	2020-09-21	1306439.0
Rent-A-Pal	2020-09-14	-53.89999999999999	0.0	22.0	0.0563472	6.571428571428571	6.7142857142857135	4498.0	-53.89999999999999	0.0	32.0	11.285714285714285	12789.857142857143	2020-09-21	0.0
My Brothers' Crossing	2020-09-14	1.7000000000000028	-350.7999999999999	105.0	0.02496	13.142857142857142	12.571428571428573	9664.0	1.7000000000000028	-350.7999999999999	64.14285714285714	22.142857142857146	44577.714285714275	2020-09-21	4915.0
Foster Boy	2020-09-14	-29.0	0.0	6.0	0.034944	6.7142857142857135	4.571428571428571	5324.0	-29.0	0.0	0.42857142857142855	760.5714285714287	1652.571428571429	2020-09-21	12234.0
The SpongeBob Movie: Sponge on the Run	2020-09-14	228.1	-21.7	245.0	0.24000000000000005	6.0	5.857142857142858	272658.0	228.1	-21.7	264.42857142857144	148.0	4075803.857142857	2020-09-21	198932.0
No Escape	2020-09-14	-55.8	0.0	6.0	2.844444444444445	4.285714285714286	2.7142857142857144	79182.0	-55.8	0.0	19.285714285714285	251.14285714285717	25240.857142857138	2020-09-21	48024.0
The Way I See It	2020-09-14	11.700000000000005	0.0	6.0	1.031746031746032	5.857142857142858	4.0	25150.0	11.700000000000005	0.0	53.14285714285714	28.714285714285715	7229.285714285716	2020-09-21	19365.0
Bill & Ted Face the Music	2020-09-14	43.1	-284.2	147.0	1.04	4.714285714285714	4.428571428571429	310174.0	43.1	-284.2	721.2857142857142	65.42857142857143	2942743.2857142864	2020-09-21	152400.0
Tulsa	2020-09-14	488.6	60.50000000000001	196.0	70.8616780045352	10.714285714285714	10.285714285714286	48372.0	488.6	60.50000000000001	111.0	55.28571428571429	262089.42857142855	2020-09-21	51006.0
Words on Bathroom Walls	2020-09-14	36.89999999999999	-240.90000000000003	196.0	1.5	6.142857142857142	5.857142857142858	246859.0	36.89999999999999	-240.90000000000003	914.7142857142856	40.0	2063266.8571428568	2020-09-21	154109.0
Unhinged	2020-09-14	133.5	-143.1	245.0	13.253968253968255	2.142857142857143	2.0	1852498.0	133.5	-143.1	2347.428571428572	112.71428571428572	14669113.714285715	2020-09-21	1461974.0
The Last Shift	2020-09-21	-47.2	0.0	6.0	1.44	3.0	2.0	246491.0	-47.2	0.0	373.28571428571433	40.142857142857146	76586.28571428571	2020-09-28	258907.0
Kajillionaire	2020-09-21	-48.3	0.0	6.0	2.4142857142857137	3.4285714285714284	2.2857142857142856	215675.0	-48.3	0.0	226.7142857142857	58.0	67170.71428571429	2020-09-28	193730.0
Foster Boy	2020-09-21	787.7	270.6	49.0	0.325728	17.285714285714285	16.428571428571427	12234.0	787.7	270.6	7.0	412.57142857142856	10257.857142857143	2020-09-28	2305.0
Ava	2020-09-21	-48.3	0.0	6.0	52.987976404765824	4.0	2.571428571428572	170349.0	-48.3	0.0	95.14285714285714	109.42857142857143	53164.571428571435	2020-09-28	165711.0
Infidel	2020-09-21	31.8	-132.7	49.0	11.904761904761909	2.7142857142857144	2.4285714285714284	1306439.0	31.8	-132.7	1793.0	102.42857142857143	2040544.8571428568	2020-09-28	741680.0
On the Basis of Sex2020 Re-release	2020-09-21	-0.3000000000000007	0.0	6.0	0.0	5.571428571428571	3.8571428571428568	56210.0	-0.3000000000000007	0.0	355.28571428571433	9.571428571428571	16299.285714285714	2020-09-28	25940.0
The New Mutants	2020-09-21	100.59999999999998	-161.5	196.0	8.125472411186701	1.2857142857142858	1.2857142857142858	1742824.0	100.59999999999998	-161.5	2426.714285714286	104.42857142857143	18529402.57142857	2020-09-28	1471973.0
Words on Bathroom Walls	2020-09-21	-2.8000000000000043	-238.0	245.0	1.06	8.428571428571429	8.0	154109.0	-2.8000000000000043	-238.0	664.1428571428571	36.142857142857146	2271162.714285714	2020-09-28	99931.0
The Nest	2020-09-21	-12.700000000000005	0.0	22.0	21.352985638699934	5.7142857142857135	5.857142857142858	23666.0	-12.700000000000005	0.0	172.0	11.0	45433.714285714275	2020-09-28	0.0
Bill & Ted Face the Music	2020-09-21	-39.2	-320.3	196.0	1.01	8.285714285714286	7.428571428571429	152400.0	-39.2	-320.3	498.1428571428572	47.85714285714285	3201141.1428571427	2020-09-28	65935.0
Tulsa	2020-09-21	158.90000000000003	257.20000000000005	245.0	59.33484504913079	13.714285714285715	13.142857142857142	51006.0	158.90000000000003	257.20000000000005	143.14285714285714	49.0	313861.0	2020-09-28	37678.0
The Personal History of David Copperfield	2020-09-21	-36.8	-254.1	196.0	0.65	9.428571428571429	8.285714285714286	130798.0	-36.8	-254.1	794.8571428571429	26.0	1727196.4285714286	2020-09-28	60467.0
Shortcut	2020-09-21	-31.5	0.0	6.0	27.58881330309903	2.571428571428572	1.7142857142857142	279125.0	-31.5	0.0	310.7142857142857	55.0	85032.14285714286	2020-09-28	376070.0
Star Wars: Episode V - The Empire Strikes Back2020 Re-release	2020-09-21	-40.1	0.0	237.0	0.0	1.0	0.5714285714285714	908000.0	-40.1	0.0	898.7142857142858	61.714285714285715	713428.5714285716	2020-09-28	335000.0
The SpongeBob Movie: Sponge on the Run	2020-09-21	178.09999999999997	-151.1	294.0	0.28	8.714285714285714	8.142857142857142	198932.0	178.09999999999997	-151.1	256.2857142857143	112.0	4321045.714285715	2020-09-28	137208.0
My Brothers' Crossing	2020-09-21	30.700000000000006	-213.6	134.0	0.051168	15.857142857142858	12.714285714285715	4915.0	30.700000000000006	-213.6	30.0	36.0	44355.142857142855	2020-09-28	3317.0
Unhinged	2020-09-21	96.2	-125.6	294.0	12.857142857142858	2.7142857142857144	2.8571428571428568	1461974.0	96.2	-125.6	2263.142857142857	93.14285714285714	16365460.857142854	2020-09-28	1222582.0
No Escape	2020-09-21	39.1	-188.6	49.0	5.722222222222222	13.571428571428573	12.714285714285715	48024.0	39.1	-188.6	42.42857142857143	165.0	104108.14285714287	2020-09-28	18824.0
The Broken Hearts Gallery	2020-09-21	29.800000000000008	-209.9	98.0	3.855555555555556	4.428571428571429	4.285714285714286	860404.0	29.800000000000008	-209.9	2186.714285714286	56.14285714285714	2836906.8571428573	2020-09-28	465117.0
The Secrets We Keep	2020-09-21	35.50000000000001	-246.1	63.0	1.2999999999999998	11.714285714285715	10.857142857142858	69349.0	35.50000000000001	-246.1	461.57142857142856	21.142857142857142	145780.2857142857	2020-09-28	22837.0
The Way I See It	2020-09-21	-40.300000000000026	-206.5	49.0	1.1904761904761905	16.142857142857142	15.285714285714285	19365.0	-40.300000000000026	-206.5	106.85714285714286	26.142857142857146	36370.71428571428	2020-09-28	4515.0
Draupadi Unleashed	2020-09-21	704.0	0.0	10.0	0.0672672	11.0	8.428571428571429	7343.0	704.0	0.0	8.571428571428571	69.71428571428571	1887.2857142857144	2020-09-28	768.0
Dreaming Grand Avenue	2020-09-21	-16.099999999999998	0.0	6.0	0.009225216	9.857142857142858	6.571428571428571	876.0	-16.099999999999998	0.0	0.8571428571428571	62.42857142857143	2403.285714285714	2020-09-28	829.0
She Dies Tomorrow	2020-09-21	71.7	-160.5	392.0	0.22588800000000006	15.714285714285715	14.857142857142858	26350.0	71.7	-160.5	2.571428571428572	1621.2857142857142	313086.0	2020-09-28	15190.0
Star Wars: Episode V - The Empire Strikes Back2020 Re-release	2020-09-28	17.9	-187.3	258.0	0.0	2.142857142857143	1.4285714285714286	335000.0	17.9	-187.3	717.8571428571429	28.285714285714285	920571.4285714284	2020-10-05	145000.0
The Broken Hearts Gallery	2020-09-28	25.20000000000001	-323.9000000000001	147.0	2.455555555555556	4.857142857142857	4.714285714285714	465117.0	25.20000000000001	-323.9000000000001	2123.428571428572	30.857142857142854	3500262.7142857136	2020-10-05	214015.0
Ava	2020-09-28	107.7	-90.8	49.0	113.76830228082078	10.142857142857142	9.571428571428571	165711.0	107.7	-90.8	234.85714285714286	97.14285714285714	242563.57142857145	2020-10-05	86490.0
Shortcut	2020-09-28	26.200000000000006	-74.19999999999997	49.0	65.9486016628874	6.2857142857142865	6.0	376070.0	26.200000000000006	-74.19999999999997	695.0	78.57142857142857	471743.5714285714	2020-10-05	103773.0
The Call	2020-09-28	32.4	0.0	6.0	45.958026557673854	4.285714285714286	3.0	138237.0	32.4	0.0	83.57142857142857	101.0	39293.42857142857	2020-10-05	139081.0
Tulsa	2020-09-28	82.2	-118.9	294.0	59.52380952380955	16.428571428571427	16.0	37678.0	82.2	-118.9	139.42857142857142	40.285714285714285	361182.7142857143	2020-10-05	19676.0
Hocus Pocus2020 Re-release	2020-09-28	-19.2	0.0	6.0	0.0	0.42857142857142855	0.2857142857142857	1925000.0	-19.2	0.0	1101.4285714285713	106.71428571428572	582142.8571428572	2020-10-05	1161000.0
Unhinged	2020-09-28	114.5	-134.2	343.0	11.746031746031747	2.4285714285714284	2.2857142857142856	1222582.0	114.5	-134.2	2113.8571428571427	83.85714285714286	17697337.285714287	2020-10-05	996172.0
She Dies Tomorrow	2020-09-28	56.9	-281.9000000000001	441.0	0.16473600000000002	18.428571428571427	18.285714285714285	15190.0	56.9	-281.9000000000001	1.5714285714285714	1767.7142857142858	333527.5714285714	2020-10-05	18968.0
Kajillionaire	2020-09-28	-4.399999999999999	-149.29999999999995	49.0	2.3857142857142857	9.714285714285714	9.0	193730.0	-4.399999999999999	-149.29999999999995	536.7142857142857	50.85714285714285	316101.4285714286	2020-10-05	82645.0
The SpongeBob Movie: Sponge on the Run	2020-09-28	270.8	-243.4	343.0	0.3	11.571428571428573	11.142857142857142	137208.0	270.8	-243.4	230.0	88.0	4490857.571428572	2020-10-05	75090.0
My Brothers' Crossing	2020-09-28	99.0	-176.70000000000005	203.0	0.008736	21.571428571428577	21.428571428571427	3317.0	99.0	-176.70000000000005	12.428571428571427	44.0	56007.0	2020-10-05	1343.0
No Escape	2020-09-28	152.7	-413.1	98.0	3.6888888888888887	18.285714285714285	17.857142857142858	18824.0	152.7	-413.1	43.714285714285715	58.85714285714285	135956.0	2020-10-05	10594.0
The Secrets We Keep	2020-09-28	-133.79999999999998	-404.5	112.0	0.5700000000000001	17.285714285714285	16.285714285714285	22837.0	-133.79999999999998	-404.5	449.0	6.7142857142857135	197342.1428571429	2020-10-05	2212.0
The Personal History of David Copperfield	2020-09-28	8.900000000000006	-371.9	245.0	0.47	14.428571428571427	14.142857142857142	60467.0	8.900000000000006	-371.9	414.71428571428567	23.57142857142857	1814874.0	2020-10-05	21712.0
Draupadi Unleashed	2020-09-28	-42.6	-21.5	26.0	0.0	12.0	11.428571428571427	768.0	-42.6	-21.5	8.571428571428571	7.0	4460.0	2020-10-05	0.0
Dreaming Grand Avenue	2020-09-28	191.3	-246.7	49.0	0.008504496	22.714285714285715	22.57142857142857	829.0	191.3	-246.7	2.0	59.0	6371.714285714284	2020-10-05	101.0
Words on Bathroom Walls	2020-09-28	6.199999999999997	-248.1	294.0	1.12	11.571428571428573	11.0	99931.0	6.199999999999997	-248.1	412.8571428571428	37.57142857142857	2394515.0	2020-10-05	60919.0
The Last Shift	2020-09-28	5.999999999999992	-123.4	49.0	2.21	7.7142857142857135	7.2857142857142865	258907.0	5.999999999999992	-123.4	877.4285714285713	41.57142857142857	380963.2857142858	2020-10-05	102433.0
On the Basis of Sex2020 Re-release	2020-09-28	-57.0	0.0	22.0	0.0	7.428571428571429	7.2857142857142865	25940.0	-57.0	0.0	473.71428571428567	4.142857142857143	41437.142857142855	2020-10-05	0.0
Possessor	2020-09-28	-24.0	0.0	6.0	2.16	3.0	2.0	252664.0	-24.0	0.0	137.14285714285714	112.71428571428572	76810.85714285714	2020-10-05	264534.0
Bill & Ted Face the Music	2020-09-28	-38.6	-392.4	245.0	0.7899999999999999	13.142857142857142	12.571428571428573	65935.0	-38.6	-392.4	290.42857142857144	34.714285714285715	3306743.0	2020-10-05	87855.0
The Way I See It	2020-09-28	-6.400000000000002	-241.8	50.0	0.8730158730158731	10.0	10.142857142857142	4515.0	-6.400000000000002	-241.8	48.0	7.2857142857142865	26902.857142857138	2020-10-05	0.0
Foster Boy	2020-09-28	-132.0	-254.0	98.0	0.312	21.428571428571427	20.857142857142858	2305.0	-132.0	-254.0	1.0	329.2857142857143	19275.14285714286	2020-10-05	10.0
The New Mutants	2020-09-28	132.5	-134.4	245.0	7.74754346182918	1.4285714285714286	1.2857142857142858	1471973.0	132.5	-134.4	2240.285714285714	95.28571428571428	20124002.14285714	2020-10-05	1055664.0
A Call to Spy	2020-09-28	-59.3	0.0	6.0	0.98	7.2857142857142865	4.714285714285714	35098.0	-59.3	0.0	32.142857142857146	66.71428571428571	11170.142857142857	2020-10-05	44250.0
Save Yourselves!	2020-09-28	-19.3	0.0	6.0	0.0	4.428571428571429	2.8571428571428568	142694.0	-19.3	0.0	166.28571428571428	52.28571428571429	42710.57142857143	2020-10-05	113701.0
Infidel	2020-09-28	36.80000000000001	-310.0	98.0	6.984126984126984	3.4285714285714284	3.4285714285714284	741680.0	36.80000000000001	-310.0	1845.142857142857	57.714285714285715	3049623.1428571427	2020-10-05	387576.0
Infidel	2020-10-05	-3.500000000000004	-304.2	147.0	5.079365079365081	4.285714285714286	4.0	387576.0	-3.500000000000004	-304.2	1435.0	44.57142857142857	3635775.7142857136	2020-10-12	150540.0
Save Yourselves!	2020-10-05	-53.10000000000001	-193.8	49.0	0.0	10.571428571428571	10.0	113701.0	-53.10000000000001	-193.8	370.0	43.57142857142857	207291.7142857143	2020-10-12	39664.0
Yellow Rose	2020-10-05	1.2000000000000028	0.0	6.0	2.32	3.2857142857142856	2.2857142857142856	150330.0	1.2000000000000028	0.0	385.71428571428567	23.714285714285715	52251.285714285725	2020-10-12	140059.0
She Dies Tomorrow	2020-10-05	213.8	95.9	490.0	0.23212800000000003	21.142857142857142	20.714285714285715	18968.0	213.8	95.9	1.4285714285714286	1692.142857142857	349295.85714285716	2020-10-12	15482.0
Star Wars: Episode V - The Empire Strikes Back2020 Re-release	2020-10-05	3.799999999999997	-169.10000000000005	279.0	0.0	3.7142857142857135	2.571428571428572	145000.0	3.799999999999997	-169.10000000000005	353.57142857142856	25.0	1009857.1428571428	2020-10-12	79000.0
Words on Bathroom Walls	2020-10-05	-42.5	-242.40000000000003	343.0	0.6799999999999999	16.142857142857142	15.285714285714285	60919.0	-42.5	-242.40000000000003	253.57142857142856	36.857142857142854	2478409.285714286	2020-10-12	22995.0
Possessor	2020-10-05	16.900000000000006	-119.8	49.0	2.2	6.142857142857142	5.857142857142858	264534.0	16.900000000000006	-119.8	312.7142857142857	121.42857142857143	387074.7142857143	2020-10-12	143954.0
Shortcut	2020-10-05	12.499999999999993	-502.30000000000007	98.0	62.92517006802725	11.428571428571427	10.571428571428571	103773.0	12.499999999999993	-502.30000000000007	254.0	58.714285714285715	709150.2857142857	2020-10-12	28879.0
Kajillionaire	2020-10-05	-43.3	-390.8	98.0	2.128571428571429	13.142857142857142	12.428571428571427	82645.0	-43.3	-390.8	427.0	31.57142857142857	455403.5714285714	2020-10-12	31940.0
Pray: The Story of Patrick Peyton	2020-10-05	-18.6	0.0	6.0	0.016598400000000003	9.0	6.142857142857142	24397.0	-18.6	0.0	18.714285714285715	79.42857142857143	7364.857142857143	2020-10-12	20385.0
No Escape	2020-10-05	90.9	-272.49999999999994	147.0	3.3777777777777787	22.857142857142854	22.0	10594.0	90.9	-272.49999999999994	45.714285714285715	35.0	150666.57142857142	2020-10-12	5910.0
A Call to Spy	2020-10-05	145.8	-48.3	49.0	0.91	17.428571428571427	16.857142857142858	44250.0	145.8	-48.3	76.71428571428571	81.14285714285714	55793.142857142855	2020-10-12	23932.0
The Broken Hearts Gallery	2020-10-05	-52.60000000000001	-341.7	196.0	1.7555555555555555	7.142857142857142	6.428571428571429	214015.0	-52.60000000000001	-341.7	913.5714285714287	541.0	3858101.4285714286	2020-10-12	60054.0
Bill & Ted Face the Music	2020-10-05	377.1	210.6	294.0	0.55	13.571428571428573	14.285714285714285	87855.0	377.1	210.6	164.14285714285714	105.42857142857143	3370156.7142857136	2020-10-12	12352.0
Coco	2020-10-05	-22.4	0.0	3162.0	122.03955656336613	1.8571428571428568	1.1428571428571428	603000.0	-22.4	0.0	813.8571428571429	45.14285714285714	90063292.14285715	2020-10-12	131000.0
The War with Grandpa	2020-10-05	3.0999999999999943	0.0	6.0	3.2278481012658227	0.42857142857142855	0.2857142857142857	3623880.0	3.0999999999999943	0.0	964.2857142857144	229.7142857142857	1055914.142857143	2020-10-12	3636975.0
The Secrets We Keep	2020-10-05	-9.769962616701378e-15	-343.3	86.0	0.11	11.857142857142858	12.0	2212.0	-9.769962616701378e-15	-343.3	256.57142857142856	0.42857142857142855	117612.71428571428	2020-10-12	0.0
The Personal History of David Copperfield	2020-10-05	-118.1	-422.6	294.0	0.36000000000000004	20.428571428571427	18.857142857142858	21712.0	-118.1	-422.6	202.7142857142857	17.142857142857142	1857727.8571428568	2020-10-12	8533.0
Dreaming Grand Avenue	2020-10-05	-22.5	-248.6	58.0	0.004180176	14.857142857142858	7.428571428571429	101.0	-22.5	-248.6	0.5714285714285714	14.428571428571427	3855.714285714286	2020-10-12	36.0
The New Mutants	2020-10-05	88.89999999999998	-168.4	294.0	6.802721088435378	2.142857142857143	2.0	1055664.0	88.89999999999998	-168.4	1943.571428571429	83.28571428571429	21431890.85714286	2020-10-12	712921.0
My Brothers' Crossing	2020-10-05	-115.9	-321.6	252.0	0.01872	24.57142857142857	23.857142857142854	1343.0	-115.9	-321.6	6.428571428571429	36.42857142857143	58562.285714285725	2020-10-12	306.0
The Wolf of Snow Hollow	2020-10-05	-31.8	0.0	6.0	1.7	4.857142857142857	3.0	91943.0	-31.8	0.0	48.0	117.14285714285714	28152.42857142857	2020-10-12	76665.0
Unhinged	2020-10-05	118.9	-122.0	392.0	10.3968253968254	2.8571428571428568	2.7142857142857144	996172.0	118.9	-122.0	1845.142857142857	82.14285714285714	18821893.85714286	2020-10-12	661309.0
Heaven	2020-10-05	9.200000000000003	0.0	22.0	60.65759637188211	9.714285714285714	7.2857142857142865	10935.0	9.200000000000003	0.0	138.28571428571428	6.2857142857142865	32136.285714285717	2020-10-12	18899.0
The Last Shift	2020-10-05	-101.9	-377.50000000000006	98.0	1.35	13.142857142857142	11.285714285714285	102433.0	-101.9	-377.50000000000006	619.4285714285714	23.714285714285715	575415.4285714285	2020-10-12	22022.0
Henchmen2020 Re-release	2020-10-05	2.5	0.0	6.0	0.0	8.571428571428571	5.857142857142858	30223.0	2.5	0.0	77.57142857142857	23.57142857142857	8805.857142857143	2020-10-12	17177.0
Foster Boy	2020-10-05	-58.3	-98.1	18.0	0.04992	3.2857142857142856	3.571428571428572	10.0	-58.3	-98.1	0.14285714285714285	1.4285714285714286	2839.0	2020-10-12	0.0
Ava	2020-10-05	-14.800000000000004	-247.2	98.0	112.59944986012738	13.0	12.571428571428573	86490.0	-14.800000000000004	-247.2	218.57142857142856	60.0	380947.85714285716	2020-10-12	39759.0
The Call	2020-10-05	47.4	-105.7	49.0	114.54513218181654	9.571428571428571	9.428571428571429	139081.0	47.4	-105.7	195.0	101.57142857142857	202503.57142857145	2020-10-12	88555.0
Tulsa	2020-10-05	50.3	-305.4	343.0	59.14588057445203	20.714285714285715	19.857142857142858	19676.0	50.3	-305.4	104.14285714285714	27.857142857142854	391175.7142857143	2020-10-12	7685.0
Hocus Pocus2020 Re-release	2020-10-05	-11.6	-112.5	27.0	0.0	0.8571428571428571	0.5714285714285714	1161000.0	-11.6	-112.5	905.5714285714287	78.28571428571429	1166714.2857142857	2020-10-12	756000.0
The SpongeBob Movie: Sponge on the Run	2020-10-05	127.3	-242.0	392.0	0.28	14.142857142857142	13.571428571428573	75090.0	127.3	-242.0	204.7142857142857	53.57142857142857	4607532.428571428	2020-10-12	69201.0
The Kid Detective	2020-10-12	-1.3999999999999986	0.0	6.0	0.6717957446808511	4.142857142857143	2.7142857142857144	140218.0	-1.3999999999999986	0.0	370.71428571428567	22.857142857142854	40908.71428571428	2020-10-19	162473.0
Twiceborn	2020-10-12	38.4	0.0	6.0	0.0	14.142857142857142	9.857142857142858	5217.0	38.4	0.0	3.0	106.28571428571428	1406.7142857142858	2020-10-19	4186.0
The SpongeBob Movie: Sponge on the Run	2020-10-12	267.5	-23.900000000000013	441.0	0.31000000000000005	15.0	15.142857142857142	69201.0	267.5	-23.900000000000013	165.28571428571428	67.42857142857143	4679842.0	2020-10-19	44521.0
Yellow Rose	2020-10-12	-17.099999999999998	-157.1	49.0	3.45	9.142857142857142	8.428571428571429	140059.0	-17.099999999999998	-157.1	900.0	21.571428571428577	247068.85714285716	2020-10-19	38979.0
Words on Bathroom Walls	2020-10-12	-62.69999999999999	-435.9	392.0	0.6699999999999999	20.142857142857142	19.142857142857142	22995.0	-62.69999999999999	-435.9	127.14285714285714	28.714285714285715	2519267.8571428573	2020-10-19	7085.0
The War with Grandpa	2020-10-12	153.39999999999995	-94.3	49.0	4.177215189873418	1.4285714285714286	1.2857142857142858	3636975.0	153.39999999999995	-94.3	2254.285714285714	229.7142857142857	5296109.285714285	2020-10-19	2489361.0
Tulsa	2020-10-12	-4.0	-419.9	392.0	63.114134542706005	28.42857142857143	26.857142857142854	7685.0	-4.0	-419.9	69.57142857142857	18.142857142857142	404239.85714285716	2020-10-19	1753.0
The Personal History of David Copperfield	2020-10-12	59.90000000000001	-353.0	343.0	0.54	27.714285714285715	26.714285714285715	8533.0	59.90000000000001	-353.0	80.57142857142857	16.0	1869842.7142857143	2020-10-19	2273.0
No Escape	2020-10-12	38.7	-268.0	196.0	2.844444444444445	29.42857142857143	27.857142857142854	5910.0	38.7	-268.0	33.142857142857146	29.42857142857143	159505.14285714287	2020-10-19	3221.0
Shortcut	2020-10-12	0.6999999999999957	-501.5	147.0	60.090702947845834	17.285714285714285	16.285714285714285	28879.0	0.6999999999999957	-501.5	80.14285714285714	52.0	774196.7142857143	2020-10-19	5237.0
The Nightmare Before Christmas2020 Re-release	2020-10-12	-26.800000000000004	0.0	6.0	0.0	1.2857142857142858	0.8571428571428571	1323000.0	-26.800000000000004	0.0	940.2857142857144	85.85714285714286	402857.1428571429	2020-10-19	577000.0
The Broken Hearts Gallery	2020-10-12	-117.6	-501.7000000000001	245.0	0.5333333333333333	12.714285714285715	11.571428571428573	60054.0	-117.6	-501.7000000000001	523.0	19.0	3986590.4285714286	2020-10-19	23776.0
Possessor	2020-10-12	-40.1	-300.9	98.0	1.78	8.857142857142858	7.7142857142857135	143954.0	-40.1	-300.9	253.7142857142857	87.7142857142857	596568.2857142857	2020-10-19	53946.0
Unhinged	2020-10-12	82.6	-206.9	441.0	8.333333333333334	4.571428571428571	4.142857142857143	661309.0	82.6	-206.9	1465.7142857142858	68.0	19694027.0	2020-10-19	397372.0
Pray: The Story of Patrick Peyton	2020-10-12	83.9	-150.3	49.0	0.015724800000000004	21.428571428571427	21.428571428571427	20385.0	83.9	-150.3	37.57142857142857	76.57142857142857	34824.857142857145	2020-10-19	11459.0
The Wolf of Snow Hollow	2020-10-12	-74.6	-211.1	49.0	2.0	11.142857142857142	10.428571428571429	76665.0	-74.6	-211.1	102.14285714285714	106.0	139149.7142857143	2020-10-19	14632.0
The Call	2020-10-12	108.2	-276.1	98.0	108.94618478392731	12.0	11.142857142857142	88555.0	108.2	-276.1	185.0	71.85714285714286	316854.71428571426	2020-10-19	63839.0
Save Yourselves!	2020-10-12	-75.7	-456.1	98.0	0.0	15.142857142857142	13.714285714285715	39664.0	-75.7	-456.1	346.0	16.0	280679.85714285716	2020-10-19	3855.0
The Last Shift	2020-10-12	-29.300000000000004	-492.19999999999993	147.0	0.4	20.285714285714285	19.714285714285715	22022.0	-29.300000000000004	-492.19999999999993	172.71428571428572	34.285714285714285	620683.8571428572	2020-10-19	10493.0
Shithouse	2020-10-12	-45.0	0.0	6.0	0.288288	13.428571428571427	8.428571428571429	5545.0	-45.0	0.0	12.0	28.0	1735.7142857142858	2020-10-19	9559.0
She Dies Tomorrow	2020-10-12	154.4	-136.1	539.0	0.16848000000000002	24.0	22.714285714285715	15482.0	154.4	-136.1	2.0	1105.4285714285713	366994.0	2020-10-19	10353.0
The New Mutants	2020-10-12	84.19999999999997	-218.2	343.0	5.291005291005294	3.571428571428572	3.2857142857142856	712921.0	84.19999999999997	-218.2	1504.428571428571	72.42857142857143	22345794.42857143	2020-10-19	425312.0
Star Wars: Episode V - The Empire Strikes Back2020 Re-release	2020-10-12	-5.200000000000003	-137.10000000000002	300.0	0.0	5.0	3.1428571428571432	79000.0	-5.200000000000003	-137.10000000000002	205.7142857142857	23.285714285714285	1053142.857142857	2020-10-19	0.0
2 Hearts	2020-10-12	-37.1	0.0	6.0	4.147540983606556	2.4285714285714284	1.5714285714285714	522937.0	-37.1	0.0	721.2857142857142	44.14285714285715	160641.2857142857	2020-10-19	466255.0
My Brothers' Crossing	2020-10-12	-58.2	-256.3	166.0	0.008736	15.0	15.285714285714285	306.0	-58.2	-256.3	1.7142857142857142	14.285714285714285	33879.28571428572	2020-10-19	0.0
Love and Monsters	2020-10-12	-16.9	0.0	6.0	20.555555555555557	3.571428571428572	2.2857142857142856	270302.0	-16.9	0.0	165.85714285714286	99.71428571428572	81542.28571428571	2020-10-19	308776.0
Honest Thief	2020-10-12	-32.9	0.0	27.0	5.083333333333334	0.42857142857142855	0.2857142857142857	3607966.0	-32.9	0.0	1039.2857142857142	212.28571428571428	1175036.142857143	2020-10-19	3364941.0
Ava	2020-10-12	24.8	-391.0	147.0	97.2095596543314	15.714285714285715	15.0	39759.0	24.8	-391.0	129.0	61.42857142857143	442418.1428571429	2020-10-19	19452.0
Bill & Ted Face the Music	2020-10-12	-79.7	-528.5	343.0	0.47	25.285714285714285	22.57142857142857	12352.0	-79.7	-528.5	79.14285714285714	28.0	3430410.1428571427	2020-10-19	3655.0
Henchmen2020 Re-release	2020-10-12	-4.70000000000001	-219.4	49.0	0.0	22.428571428571423	21.428571428571427	17177.0	-4.70000000000001	-219.4	140.71428571428572	19.857142857142858	39535.142857142855	2020-10-19	2276.0
Counter Column	2020-10-12	-50.6	0.0	6.0	0.024024000000000004	13.0	8.428571428571429	6455.0	-50.6	0.0	0.8571428571428571	461.0	2336.714285714286	2020-10-19	5236.0
Bump Kowalski and the Ten Commandments	2020-10-12	0.0	0.0	92.0	0.0	3.7142857142857135	0.0	256.0	0.0	0.0	0.14285714285714285	36.57142857142857	413.28571428571433	2020-10-19	0.0
Lupin III: The First	2020-10-12	0.0	0.0	3.0	0.05616	1.1428571428571428	0.0	83295.0	0.0	0.0	59.714285714285715	28.42857142857143	11899.285714285714	2020-10-19	50890.0
Heaven	2020-10-12	66.9	-54.7	98.0	101.47392290249435	21.857142857142854	18.571428571428573	18899.0	66.9	-54.7	144.85714285714286	28.714285714285715	95217.85714285713	2020-10-19	5019.0
Coco	2020-10-12	-8.700000000000003	-235.7	3183.0	125.97631645250696	4.285714285714286	2.7142857142857144	131000.0	-8.700000000000003	-235.7	332.14285714285717	24.0	90180149.28571428	2020-10-19	0.0
Infidel	2020-10-12	-40.1	-419.0	196.0	3.333333333333334	8.285714285714286	7.142857142857142	150540.0	-40.1	-419.0	749.8571428571429	33.142857142857146	3905325.857142857	2020-10-19	53317.0
Dreaming Grand Avenue	2020-10-12	50.0	0.0	40.0	0.0	9.428571428571429	4.142857142857143	36.0	50.0	0.0	0.2857142857142857	5.142857142857143	1948.7142857142856	2020-10-19	964.0
A Call to Spy	2020-10-12	-42.7	-223.3	98.0	0.61	19.428571428571427	18.428571428571427	23932.0	-42.7	-223.3	64.0	59.42857142857143	92652.57142857145	2020-10-19	15944.0
Mermaid in Paris	2020-10-12	24.200000000000006	0.0	6.0	0.0214032	16.0	10.571428571428571	1202.0	24.200000000000006	0.0	4.285714285714286	16.857142857142858	334.7142857142857	2020-10-19	786.0
Hocus Pocus2020 Re-release	2020-10-12	-15.9	-108.5	48.0	0.0	1.7142857142857142	1.1428571428571428	756000.0	-15.9	-108.5	702.8571428571429	65.71428571428571	1550714.2857142857	2020-10-19	530000.0
Kajillionaire	2020-10-12	-81.50000000000001	-423.39999999999986	147.0	3.7571428571428567	16.571428571428573	15.714285714285715	31940.0	-81.50000000000001	-423.39999999999986	191.57142857142856	29.42857142857143	511313.5714285714	2020-10-19	7440.0
Stevie Nicks 24 Karat Gold the Concert	2020-10-19	878.6	0.0	15.0	0.025513487999999997	6.0	5.428571428571429	404489.0	878.6	0.0	150.71428571428572	202.42857142857144	156382.42857142858	2020-10-26	5776.0
Honest Thief	2020-10-19	177.2	-102.8	98.0	8.3125	1.0	1.0	3364941.0	177.2	-102.8	2458.0	193.28571428571428	5612916.571428572	2020-10-26	2078045.0
The Addams Family2020 Re-release	2020-10-19	26.999999999999996	0.0	6.0	0.0	4.142857142857143	2.8571428571428568	282841.0	26.999999999999996	0.0	560.1428571428571	30.57142857142857	80854.85714285714	2020-10-26	302696.0
Unhinged	2020-10-19	116.6	-282.6	490.0	23.015873015873016	7.571428571428571	6.857142857142858	397372.0	116.6	-282.6	1117.0	56.14285714285714	20223003.42857143	2020-10-26	197986.0
The Call	2020-10-19	108.59999999999998	-177.4	147.0	104.28039528568634	13.285714285714285	13.285714285714285	63839.0	108.59999999999998	-177.4	137.71428571428572	71.71428571428571	396337.85714285716	2020-10-26	47866.0
Twiceborn	2020-10-19	131.6	-144.5	49.0	0.0	30.285714285714285	30.714285714285715	4186.0	131.6	-144.5	8.285714285714286	68.0	7097.428571428572	2020-10-26	1004.0
Hocus Pocus2020 Re-release	2020-10-19	-19.3	-89.2	69.0	0.0	2.4285714285714284	1.5714285714285714	530000.0	-19.3	-89.2	547.2857142857143	59.14285714285714	1806857.1428571432	2020-10-26	456000.0
The Broken Hearts Gallery	2020-10-19	31.300000000000004	-399.1	294.0	1.077777777777778	16.285714285714285	16.285714285714285	23776.0	31.300000000000004	-399.1	216.14285714285717	17.428571428571427	4020459.142857143	2020-10-26	11618.0
After We Collided	2020-10-19	-76.0	0.0	6.0	66.13756613756618	2.7142857142857144	1.5714285714285714	422899.0	-76.0	0.0	197.14285714285717	131.28571428571428	847144.0	2020-10-26	169429.0
Ava	2020-10-19	34.90000000000001	-339.7000000000001	196.0	101.3005431267582	17.714285714285715	17.857142857142858	19452.0	34.90000000000001	-339.7000000000001	46.714285714285715	110.85714285714286	472009.4285714286	2020-10-26	11810.0
Tulsa	2020-10-19	-37.5	-536.0	441.0	63.114134542706005	33.714285714285715	33.857142857142854	1753.0	-37.5	-536.0	24.857142857142854	13.857142857142858	408690.1428571429	2020-10-26	1260.0
The Personal History of David Copperfield	2020-10-19	-32.599999999999994	-136.5	218.0	0.17	15.714285714285715	16.714285714285715	2273.0	-32.599999999999994	-136.5	36.57142857142857	4.857142857142857	1071644.142857143	2020-10-26	0.0
Dreaming Grand Avenue	2020-10-19	41.9	2088.9	118.0	0.009513504	20.0	14.857142857142858	964.0	41.9	2088.9	0.8571428571428571	118.85714285714286	4231.428571428572	2020-10-26	0.0
The Nightmare Before Christmas2020 Re-release	2020-10-19	-18.4	-169.6	27.0	0.0	2.0	1.2857142857142858	577000.0	-18.4	-169.6	691.7142857142858	50.85714285714285	741428.5714285716	2020-10-26	386000.0
The SpongeBob Movie: Sponge on the Run	2020-10-19	167.8	-69.1	490.0	0.4300000000000001	14.428571428571427	14.428571428571427	44521.0	167.8	-69.1	115.14285714285714	61.42857142857143	4735516.0	2020-10-26	20611.0
The New Mutants	2020-10-19	95.0	-279.3	392.0	4.535147392290251	6.571428571428571	5.857142857142858	425312.0	95.0	-279.3	1094.5714285714287	63.85714285714285	22920557.14285714	2020-10-26	243580.0
The War with Grandpa	2020-10-19	263.1	-249.9	98.0	3.1392405063291138	2.142857142857143	2.142857142857143	2489361.0	263.1	-249.9	2296.428571428572	152.57142857142858	8271362.142857143	2020-10-26	1728709.0
The Empty Man	2020-10-19	-23.9	0.0	6.0	4.854545454545455	1.2857142857142858	0.8571428571428571	1310326.0	-23.9	0.0	868.7142857142858	92.14285714285714	395433.4285714286	2020-10-26	974702.0
The Wolf of Snow Hollow	2020-10-19	-88.4	-565.6999999999998	98.0	1.11	20.428571428571427	18.857142857142858	14632.0	-88.4	-565.6999999999998	59.0	55.85714285714285	177463.0	2020-10-26	1786.0
The Last Shift	2020-10-19	-15.20000000000001	-352.5	196.0	0.3200000000000001	22.57142857142857	22.428571428571423	10493.0	-15.20000000000001	-352.5	34.714285714285715	73.0	635577.0	2020-10-26	3411.0
Heaven	2020-10-19	-68.09999999999998	-503.9	147.0	101.2849584278156	28.142857142857146	26.714285714285715	5019.0	-68.09999999999998	-503.9	44.14285714285715	21.714285714285715	107273.0	2020-10-26	1159.0
The Kid Detective	2020-10-19	36.90000000000001	-101.7	49.0	0.6664851063829786	10.0	9.428571428571429	162473.0	36.90000000000001	-101.7	861.5714285714287	26.57142857142857	223445.85714285716	2020-10-26	51554.0
Henchmen2020 Re-release	2020-10-19	-25.599999999999994	-299.2000000000001	50.0	0.0	15.571428571428573	15.857142857142858	2276.0	-25.599999999999994	-299.2000000000001	49.714285714285715	3.571428571428572	27850.714285714286	2020-10-26	0.0
Infidel	2020-10-19	-10.499999999999991	-452.4	245.0	2.4603174603174605	13.142857142857142	12.714285714285715	53317.0	-10.499999999999991	-452.4	351.42857142857144	28.285714285714285	3998900.0	2020-10-26	19436.0
Bill & Ted Face the Music	2020-10-19	21.60000000000001	-176.4	218.0	0.13	13.428571428571427	15.142857142857142	3655.0	21.60000000000001	-176.4	24.0	12.142857142857142	1964618.7142857143	2020-10-26	0.0
Shortcut	2020-10-19	71.30000000000003	-573.8	196.0	54.79969765684054	28.714285714285715	27.285714285714285	5237.0	71.30000000000003	-573.8	20.0	36.42857142857143	790533.1428571428	2020-10-26	0.0
Counter Column	2020-10-19	220.59999999999997	-171.1	49.0	0.03756480000000001	28.42857142857143	28.42857142857143	5236.0	220.59999999999997	-171.1	4.142857142857143	232.42857142857144	10094.714285714286	2020-10-26	2060.0
2 Hearts	2020-10-19	176.8	-116.8	49.0	5.573770491803278	6.2857142857142865	5.571428571428571	466255.0	176.8	-116.8	1680.857142857143	39.142857142857146	736207.7142857143	2020-10-26	205570.0
Words on Bathroom Walls	2020-10-19	-68.39999999999999	-474.9	441.0	0.49	25.285714285714285	25.0	7085.0	-68.39999999999999	-474.9	46.714285714285715	25.714285714285715	2532074.4285714286	2020-10-26	2218.0
Love and Monsters	2020-10-19	139.1	-61.1	49.0	28.73015873015873	9.0	8.428571428571429	308776.0	139.1	-61.1	384.0	115.0	407337.1428571429	2020-10-26	194214.0
Pray: The Story of Patrick Peyton	2020-10-19	52.99999999999999	-268.70000000000005	98.0	0.007425600000000002	22.57142857142857	22.285714285714285	11459.0	52.99999999999999	-268.70000000000005	28.285714285714285	56.714285714285715	50560.0	2020-10-26	4331.0
Kajillionaire	2020-10-19	20.000000000000004	-242.3	106.0	1.857142857142857	9.428571428571429	10.285714285714286	7440.0	20.000000000000004	-242.3	52.0	11.285714285714285	302084.2857142857	2020-10-26	0.0
She Dies Tomorrow	2020-10-19	152.7	-156.79999999999995	588.0	0.119808	24.142857142857146	25.42857142857143	10353.0	152.7	-156.79999999999995	2.0	739.4285714285713	380423.5714285714	2020-10-26	10909.0
Yellow Rose	2020-10-19	-117.5	-480.9	98.0	2.3200000000000003	14.571428571428573	13.428571428571427	38979.0	-117.5	-480.9	558.8571428571429	15.285714285714285	336835.0	2020-10-26	7485.0
Lupin III: The First	2020-10-19	8116.6	-98.1	49.0	0.14851199999999998	23.57142857142857	21.428571428571427	50890.0	8116.6	-98.1	250.42857142857144	44.42857142857143	117437.28571428572	2020-10-26	2183.0
Shithouse	2020-10-19	732.1	129.7	49.0	0.289536	27.857142857142854	29.142857142857146	9559.0	732.1	129.7	28.0	48.28571428571429	9084.42857142857	2020-10-26	2181.0
Possessor	2020-10-19	-23.7	-439.7000000000001	147.0	0.89	13.285714285714285	13.142857142857142	53946.0	-23.7	-439.7000000000001	152.0	57.85714285714285	690018.1428571428	2020-10-26	30698.0
Save Yourselves!	2020-10-19	16.999999999999993	-237.4	57.0	0.0	8.714285714285714	9.571428571428571	3855.0	16.999999999999993	-237.4	148.28571428571428	1.2857142857142858	128399.71428571428	2020-10-26	0.0
No Escape	2020-10-19	56.6	-301.6	245.0	2.8222222222222215	31.285714285714285	31.714285714285715	3221.0	56.6	-301.6	19.714285714285715	26.57142857142857	164144.14285714287	2020-10-26	1742.0
A Call to Spy	2020-10-19	57.90000000000001	-248.4	147.0	0.7499999999999999	19.428571428571427	20.0	15944.0	57.90000000000001	-248.4	35.857142857142854	74.0	111770.14285714287	2020-10-26	10840.0
Mermaid in Paris	2020-10-19	-66.1	0.0	22.0	0.028392	19.428571428571427	19.857142857142858	786.0	-66.1	0.0	5.7142857142857135	10.857142857142858	980.0	2020-10-26	0.0
Monsters Inc.2020 Re-release	2020-10-19	-16.0	0.0	6.0	0.0	2.8571428571428568	1.8571428571428568	494000.0	-16.0	0.0	803.5714285714287	37.42857142857143	149142.85714285713	2020-10-26	232000.0
Counter Column	2020-10-26	2.8999999999999986	-373.8	98.0	0.030139200000000005	27.142857142857146	27.714285714285715	2060.0	2.8999999999999986	-373.8	5.571428571428571	53.0	13630.428571428569	2020-11-02	756.0
Words on Bathroom Walls	2020-10-26	-67.99999999999999	-466.0	490.0	0.41	26.714285714285715	26.857142857142854	2218.0	-67.99999999999999	-466.0	16.714285714285715	20.571428571428573	2536123.1428571427	2020-11-02	2480.0
The Empty Man	2020-10-26	46.5	-168.29999999999995	49.0	6.218181818181819	3.4285714285714284	3.2857142857142856	974702.0	46.5	-168.29999999999995	2037.2857142857144	67.71428571428571	1798629.4285714286	2020-11-02	456799.0
Tulsa	2020-10-26	1890.5	-172.7	490.0	61.602418745275905	28.857142857142854	30.0	1260.0	1890.5	-172.7	9.571428571428571	19.571428571428573	409858.7142857143	2020-11-02	1566.0
Monsters Inc.2020 Re-release	2020-10-26	-27.8	-158.2	27.0	0.0	3.1428571428571432	2.0	232000.0	-27.8	-158.2	530.1428571428571	26.714285714285715	282428.5714285714	2020-11-02	0.0
2 Hearts	2020-10-26	49.5	-334.4000000000001	98.0	3.9344262295081966	8.857142857142858	8.571428571428571	205570.0	49.5	-334.4000000000001	1342.0	25.285714285714285	1095889.5714285714	2020-11-02	102804.0
Ava	2020-10-26	0.9000000000000021	-238.3	245.0	103.24863049458044	18.857142857142858	18.857142857142858	11810.0	0.9000000000000021	-238.3	13.571428571428573	143.28571428571428	487970.7142857143	2020-11-02	4176.0
Pray: The Story of Patrick Peyton	2020-10-26	167.20000000000005	-422.9	147.0	0.0	24.57142857142857	24.285714285714285	4331.0	167.20000000000005	-422.9	24.857142857142854	27.142857142857146	58336.714285714275	2020-11-02	4898.0
The Kid Detective	2020-10-26	-119.3	-426.6	98.0	0.3319148936170213	13.714285714285715	13.142857142857142	51554.0	-119.3	-426.6	555.7142857142857	16.142857142857142	337892.5714285714	2020-11-02	8938.0
Heaven	2020-10-26	-10.899999999999988	-519.8	196.0	101.2849584278156	29.714285714285715	30.142857142857146	1159.0	-10.899999999999988	-519.8	12.0	15.285714285714285	109669.85714285713	2020-11-02	803.0
The SpongeBob Movie: Sponge on the Run	2020-10-26	135.3	-367.69999999999993	539.0	0.15	16.571428571428573	16.428571428571427	20611.0	135.3	-367.69999999999993	91.42857142857143	32.142857142857146	4770038.857142857	2020-11-02	20332.0
No Escape	2020-10-26	114.8	-314.7	294.0	3.4444444444444438	28.857142857142854	29.285714285714285	1742.0	114.8	-314.7	11.428571428571427	25.42857142857143	166583.7142857143	2020-11-02	465.0
The Wolf of Snow Hollow	2020-10-26	46.10000000000001	-319.7000000000001	78.0	1.16	13.571428571428573	14.571428571428573	1786.0	46.10000000000001	-319.7000000000001	10.857142857142858	13.142857142857142	105274.57142857145	2020-11-02	0.0
Possessor	2020-10-26	-49.7	-283.8	196.0	1.0	14.142857142857142	14.0	30698.0	-49.7	-283.8	97.14285714285714	44.714285714285715	733175.1428571428	2020-11-02	6318.0
Come Play	2020-10-26	-26.1	0.0	6.0	16.746031746031747	0.42857142857142855	0.2857142857142857	3119875.0	-26.1	0.0	935.5714285714287	204.0	948454.2857142857	2020-11-02	2605030.0
Hocus Pocus2020 Re-release	2020-10-26	-46.9	-38.40000000000001	90.0	0.0	2.142857142857143	1.4285714285714286	456000.0	-46.9	-38.40000000000001	484.28571428571433	57.42857142857143	2015714.2857142857	2020-11-02	0.0
Yellow Rose	2020-10-26	-51.00000000000002	-531.3	147.0	1.91	20.428571428571427	19.714285714285715	7485.0	-51.00000000000002	-531.3	74.0	17.714285714285715	353743.7142857142	2020-11-02	7430.0
The War with Grandpa	2020-10-26	207.5	-170.3	147.0	3.1772151898734178	2.2857142857142856	2.2857142857142856	1728709.0	207.5	-170.3	2353.5714285714284	104.28571428571428	10463193.285714284	2020-11-02	1930168.0
Bump Kowalski and the Ten Commandments	2020-10-26	0.0	0.0	110.0	0.0	3.8571428571428568	0.0	419.0	0.0	0.0	0.14285714285714285	59.85714285714285	473.1428571428572	2020-11-02	0.0
Lupin III: The First	2020-10-26	-66.0	5.799999999999994	50.0	0.04992	12.285714285714285	12.142857142857142	2183.0	-66.0	5.799999999999994	15.428571428571427	11.285714285714285	77496.28571428571	2020-11-02	0.0
The New Mutants	2020-10-26	44.39999999999999	-269.4	441.0	3.5903250188964484	7.2857142857142865	7.428571428571429	243580.0	44.39999999999999	-269.4	710.8571428571429	54.28571428571429	23267899.14285714	2020-11-02	191423.0
The Nightmare Before Christmas2020 Re-release	2020-10-26	-36.9	-97.6	48.0	0.0	2.571428571428572	1.7142857142857142	386000.0	-36.9	-97.6	523.7142857142857	44.85714285714285	933000.0	2020-11-02	0.0
Love and Monsters	2020-10-26	65.2	-225.1	98.0	20.47619047619048	10.0	9.857142857142858	194214.0	65.2	-225.1	323.42857142857144	98.0	668073.1428571428	2020-11-02	154533.0
The Last Shift	2020-10-26	-15.4	-432.3	245.0	0.27	25.57142857142857	24.857142857142854	3411.0	-15.4	-432.3	13.0	37.0	642970.2857142857	2020-11-02	725.0
Spell	2020-10-26	-23.700000000000006	0.0	6.0	56.93475081230186	3.7142857142857135	2.2857142857142856	206591.0	-23.700000000000006	0.0	158.14285714285714	79.85714285714286	62682.857142857145	2020-11-02	186303.0
Stevie Nicks 24 Karat Gold the Concert	2020-10-26	1461.2	0.0	13.0	0.0	5.142857142857143	4.142857142857143	5776.0	1461.2	0.0	4.857142857142857	35.285714285714285	116440.28571428572	2020-11-02	0.0
The Addams Family2020 Re-release	2020-10-26	55.89999999999999	-97.8	49.0	0.0	6.142857142857142	6.428571428571429	302696.0	55.89999999999999	-97.8	1178.4285714285713	38.57142857142857	425723.0	2020-11-02	87471.0
She Dies Tomorrow	2020-10-26	43.90000000000001	115.4	637.0	0.14975999999999998	20.428571428571427	20.142857142857142	10909.0	43.90000000000001	115.4	1.5714285714285714	1241.7142857142858	391529.7142857143	2020-11-02	1595.0
Shithouse	2020-10-26	-74.1	1331.7	50.0	0.113568	12.714285714285715	13.142857142857142	2181.0	-74.1	1331.7	16.0	10.857142857142858	9438.42857142857	2020-11-02	0.0
Honest Thief	2020-10-26	107.90000000000002	-237.8	147.0	6.708333333333334	1.5714285714285714	1.2857142857142858	2078045.0	107.90000000000002	-237.8	2441.142857142857	122.71428571428572	8436354.142857144	2020-11-02	1619272.0
Unhinged	2020-10-26	41.8	-318.1	539.0	15.396825396825399	9.714285714285714	9.714285714285714	197986.0	41.8	-318.1	775.1428571428571	40.0	20531962.14285714	2020-11-02	129664.0
Infidel	2020-10-26	-35.2	-433.8	294.0	1.8253968253968256	15.857142857142858	15.428571428571427	19436.0	-35.2	-433.8	139.28571428571428	26.0	4034506.7142857136	2020-11-02	5881.0
A Call to Spy	2020-10-26	108.7	-224.50000000000003	196.0	0.54	19.714285714285715	20.0	10840.0	108.7	-224.50000000000003	24.142857142857146	64.85714285714286	124907.28571428572	2020-11-02	11237.0
The Call	2020-10-26	65.8	-131.4	169.0	86.55039519237054	12.285714285714285	10.142857142857142	47866.0	65.8	-131.4	83.14285714285714	80.57142857142857	390965.7142857143	2020-11-02	21864.0
The Broken Hearts Gallery	2020-10-26	-29.2	-299.9000000000001	343.0	0.8222222222222221	18.0	17.571428571428573	11618.0	-29.2	-299.9000000000001	126.0	14.142857142857142	4039270.2857142864	2020-11-02	15541.0
Alita: Battle Angel	2020-10-26	-34.3	0.0	1878.0	1.92	4.857142857142857	3.2857142857142856	128000.0	-34.3	0.0	454.28571428571433	17.142857142857142	36771804.28571428	2020-11-02	0.0
After We Collided	2020-10-26	51.3	-217.5	49.0	62.463256907701386	11.0	10.0	169429.0	51.3	-217.5	496.8571428571428	47.14285714285714	2158470.5714285714	2020-11-02	99246.0
Twiceborn	2020-10-26	-90.8	-401.8	98.0	0.0	29.42857142857143	28.714285714285715	1004.0	-90.8	-401.8	7.0	19.0	10113.57142857143	2020-11-02	567.0
The War with Grandpa	2020-11-02	269.2	26.4	196.0	3.4683544303797467	3.0	2.8571428571428568	1930168.0	269.2	26.4	2357.714285714286	116.71428571428572	12247639.0	2020-11-09	1814182.0
The Addams Family2020 Re-release	2020-11-02	-106.39999999999998	-410.9	98.0	0.0	10.142857142857142	8.857142857142858	87471.0	-106.39999999999998	-410.9	621.2857142857142	25.285714285714285	648598.0	2020-11-09	5918.0
Possessor	2020-11-02	-22.3	-257.8	134.0	1.35	8.0	8.571428571428571	6318.0	-22.3	-257.8	50.28571428571429	10.0	428450.5714285714	2020-11-09	0.0
The New Mutants	2020-11-02	89.1	-176.39999999999995	490.0	8.50340136054422	7.2857142857142865	7.428571428571429	191423.0	89.1	-176.39999999999995	455.57142857142856	71.71428571428571	23480159.714285716	2020-11-09	154511.0
The SpongeBob Movie: Sponge on the Run	2020-11-02	225.8	-26.0	588.0	2.03	15.285714285714285	15.428571428571427	20332.0	225.8	-26.0	73.85714285714286	47.0	4790470.571428572	2020-11-09	8092.0
After We Collided	2020-11-02	17.300000000000004	-281.3	98.0	29.394473838918294	11.714285714285715	12.0	99246.0	17.300000000000004	-281.3	459.8571428571428	34.714285714285715	2293328.1428571427	2020-11-09	33124.0
No Escape	2020-11-02	-51.2	-115.2	190.0	1.4	13.571428571428573	14.428571428571427	465.0	-51.2	-115.2	4.571428571428571	8.0	95897.57142857145	2020-11-09	0.0
Unhinged	2020-11-02	49.09999999999999	-250.1	588.0	12.222222222222225	9.571428571428571	9.571428571428571	129664.0	49.09999999999999	-250.1	504.28571428571433	42.0	20695733.57142857	2020-11-09	60833.0
Come Play	2020-11-02	137.59999999999997	-128.3	49.0	19.682539682539684	1.4285714285714286	1.2857142857142858	2605030.0	137.59999999999997	-128.3	2183.0	170.14285714285714	4312316.428571428	2020-11-09	1564990.0
Counter Column	2020-11-02	46.29999999999998	-420.1	147.0	0.014851200000000004	26.285714285714285	26.285714285714285	756.0	46.29999999999998	-420.1	5.0	21.428571428571427	14913.285714285714	2020-11-09	257.0
A Call to Spy	2020-11-02	196.6	-27.999999999999996	245.0	0.68	18.285714285714285	18.714285714285715	11237.0	196.6	-27.999999999999996	24.714285714285715	61.85714285714285	135407.0	2020-11-09	8056.0
Spell	2020-11-02	132.3	-106.0	49.0	114.85113525929856	8.571428571428571	8.571428571428571	186303.0	132.3	-106.0	368.57142857142856	71.85714285714286	286962.0	2020-11-09	91819.0
She Dies Tomorrow	2020-11-02	-33.2	-244.5	386.0	0.06614400000000001	11.857142857142858	12.428571428571427	1595.0	-33.2	-244.5	0.5714285714285714	227.85714285714286	227508.42857142855	2020-11-09	0.0
Tulsa	2020-11-02	2151.5	851.9	539.0	51.96523053665914	26.142857142857146	26.285714285714285	1566.0	2151.5	851.9	9.0	24.42857142857143	411307.4285714286	2020-11-09	1109.0
Twiceborn	2020-11-02	475.6	258.7	147.0	0.0	27.57142857142857	28.285714285714285	567.0	475.6	258.7	2.142857142857143	63.28571428571429	10638.57142857143	2020-11-09	553.0
Ava	2020-11-02	-32.2	-109.9	162.0	55.91010745649921	9.142857142857142	9.714285714285714	4176.0	-32.2	-109.9	5.142857142857143	66.0	283504.71428571426	2020-11-09	0.0
2 Hearts	2020-11-02	26.999999999999986	-350.6	147.0	2.5901639344262297	11.428571428571427	11.285714285714285	102804.0	26.999999999999986	-350.6	673.2857142857142	28.285714285714285	1248121.2857142857	2020-11-09	39604.0
Honest Thief	2020-11-02	144.40000000000003	-182.2	196.0	6.208333333333334	2.8571428571428568	2.7142857142857144	1619272.0	144.40000000000003	-182.2	2298.714285714286	101.85714285714286	10273587.714285716	2020-11-09	1184504.0
The Informer	2020-11-02	-25.8	0.0	6.0	2.04	3.8571428571428568	2.571428571428572	133475.0	-25.8	0.0	121.28571428571428	67.28571428571429	40237.142857142855	2020-11-09	115256.0
Toy Story2020 Re-release	2020-11-02	-7.699999999999997	0.0	6.0	0.0	2.142857142857143	1.4285714285714286	505000.0	-7.699999999999997	0.0	900.8571428571428	34.0	151428.57142857142	2020-11-09	222000.0
Pray: The Story of Patrick Peyton	2020-11-02	291.50000000000006	154.09999999999997	196.0	0.0065520000000000005	21.714285714285715	22.0	4898.0	291.50000000000006	154.09999999999997	18.428571428571427	36.57142857142857	62450.714285714275	2020-11-09	3742.0
Yellow Rose	2020-11-02	103.9	86.19999999999997	196.0	1.7100000000000002	19.857142857142858	20.428571428571427	7430.0	103.9	86.19999999999997	26.714285714285715	51.28571428571429	360029.4285714286	2020-11-09	3728.0
The Empty Man	2020-11-02	67.99999999999997	-381.2	98.0	3.8363636363636364	5.0	4.571428571428571	456799.0	67.99999999999997	-381.2	1704.7142857142858	44.57142857142857	2501131.4285714286	2020-11-09	179811.0
Infidel	2020-11-02	-25.4	-487.0	343.0	1.5873015873015874	20.428571428571427	19.857142857142858	5881.0	-25.4	-487.0	52.28571428571429	18.285714285714285	4046591.7142857136	2020-11-09	1868.0
Words on Bathroom Walls	2020-11-02	254.7	383.5	314.0	0.27	13.857142857142858	10.285714285714286	2480.0	254.7	383.5	5.428571428571429	38.42857142857143	1450517.5714285714	2020-11-09	2141.0
True to the Game 2	2020-11-02	-6.899999999999999	0.0	6.0	2.16	2.8571428571428568	2.0	274631.0	-6.899999999999999	0.0	105.85714285714286	158.71428571428572	80377.71428571429	2020-11-09	404260.0
The Call	2020-11-02	116.5	-246.1	213.0	92.14934259025975	12.142857142857142	9.571428571428571	21864.0	116.5	-246.1	56.14285714285714	52.85714285714285	424942.2857142858	2020-11-09	4960.0
Let Him Go	2020-11-02	-34.9	0.0	6.0	10.873015873015875	0.42857142857142855	0.2857142857142857	4000470.0	-34.9	0.0	1051.7142857142858	232.57142857142856	1225728.5714285714	2020-11-09	2832430.0
Heaven	2020-11-02	339.6	-204.6	245.0	93.72637944066521	27.0	27.142857142857146	803.0	339.6	-204.6	7.142857142857142	17.428571428571427	110571.14285714287	2020-11-09	220.0
The Broken Hearts Gallery	2020-11-02	296.3	296.4	392.0	0.8111111111111109	17.857142857142858	18.571428571428573	15541.0	296.3	296.4	157.42857142857142	11.857142857142858	4050212.4285714286	2020-11-09	6428.0
Love and Monsters	2020-11-02	136.10000000000002	-166.5	147.0	12.857142857142858	9.714285714285714	10.142857142857142	154533.0	136.10000000000002	-166.5	217.57142857142856	113.42857142857143	842207.2857142857	2020-11-09	120688.0
Kindred	2020-11-02	-25.7	0.0	6.0	3.378378378378379	8.285714285714286	5.571428571428571	6795.0	-25.7	0.0	21.428571428571427	19.285714285714285	2034.571428571429	2020-11-09	1667.0
The Last Shift	2020-11-02	808.5000000000001	607.8000000000002	294.0	0.23000000000000004	26.714285714285715	27.142857142857146	725.0	808.5000000000001	607.8000000000002	13.0	7.571428571428571	644086.5714285715	2020-11-09	152122.0
The Kid Detective	2020-11-02	-33.8	-558.5999999999998	147.0	0.2044595744680851	17.428571428571427	16.714285714285715	8938.0	-33.8	-558.5999999999998	115.42857142857143	11.571428571428573	359761.0	2020-11-09	955.0
Come Play	2020-11-09	190.9	-273.9	98.0	19.365079365079367	2.8571428571428568	2.571428571428572	1564990.0	190.9	-273.9	2090.0	109.71428571428572	6437042.142857143	2020-11-16	777275.0
Unhinged	2020-11-09	-24.5	-333.7000000000001	637.0	12.93650793650794	13.857142857142858	13.0	60833.0	-24.5	-333.7000000000001	289.14285714285717	35.0	20795955.285714287	2020-11-16	0.0
Come Away	2020-11-09	16.1	0.0	6.0	4.153846153846153	4.714285714285714	3.1428571428571432	106084.0	16.1	0.0	203.57142857142856	31.57142857142857	30661.285714285717	2020-11-16	59472.0
After We Collided	2020-11-09	-23.39999999999999	-445.90000000000015	147.0	21.783404719912664	15.857142857142858	15.0	33124.0	-23.39999999999999	-445.90000000000015	257.57142857142856	23.142857142857146	2361676.285714286	2020-11-16	6047.0
Words on Bathroom Walls	2020-11-09	-12.399999999999993	11.699999999999989	588.0	1.37	23.285714285714285	23.142857142857146	2141.0	-12.399999999999993	11.699999999999989	6.857142857142858	41.57142857142857	2541307.1428571427	2020-11-16	150.0
Bump Kowalski and the Ten Commandments	2020-11-09	0.0	0.0	124.0	0.0	3.571428571428572	0.0	378.0	0.0	0.0	0.14285714285714285	54.0	527.1428571428571	2020-11-16	0.0
A Call to Spy	2020-11-09	286.5	-137.2	294.0	0.49	19.285714285714285	18.857142857142858	8056.0	286.5	-137.2	18.857142857142858	100.57142857142857	145957.7142857143	2020-11-16	2168.0
True to the Game 2	2020-11-09	151.40000000000003	-6.300000000000002	49.0	4.18	5.857142857142858	5.7142857142857135	404260.0	151.40000000000003	-6.300000000000002	261.57142857142856	214.42857142857144	459327.5714285714	2020-11-16	248896.0
The SpongeBob Movie: Sponge on the Run	2020-11-09	369.3	167.39999999999995	358.0	0.95	9.142857142857142	9.0	8092.0	369.3	167.39999999999995	31.42857142857143	20.857142857142858	2746887.8571428573	2020-11-16	0.0
2 Hearts	2020-11-09	-22.300000000000004	-413.4	196.0	2.9836065573770494	15.285714285714285	14.428571428571427	39604.0	-22.300000000000004	-413.4	280.0	24.57142857142857	1320277.7142857143	2020-11-16	8781.0
Twiceborn	2020-11-09	566.4	1019.3	106.0	0.0	14.0	14.428571428571427	553.0	566.4	1019.3	0.5714285714285714	79.0	6417.857142857143	2020-11-16	0.0
Toy Story2020 Re-release	2020-11-09	18.1	-167.2	27.0	0.0	3.571428571428572	2.2857142857142856	222000.0	18.1	-167.2	582.8571428571429	23.142857142857146	281142.85714285716	2020-11-16	0.0
The War with Grandpa	2020-11-09	324.9	53.10000000000001	245.0	3.59493670886076	3.1428571428571432	3.1428571428571432	1814182.0	324.9	53.10000000000001	2261.0	117.57142857142857	14163228.285714285	2020-11-16	973453.0
Ammonite	2020-11-09	-14.0	0.0	6.0	3.456140350877193	5.571428571428571	3.8571428571428568	87552.0	-14.0	0.0	120.0	44.42857142857143	25689.42857142857	2020-11-16	23383.0
Tulsa	2020-11-09	696.1	202.4	588.0	59.145880574452036	25.857142857142854	26.0	1109.0	696.1	202.4	7.7142857142857135	22.857142857142854	412792.1428571429	2020-11-16	0.0
Yellow Rose	2020-11-09	-18.9	258.8	134.0	1.0	9.714285714285714	10.285714285714286	3728.0	-18.9	258.8	9.714285714285714	31.0	209386.85714285716	2020-11-16	0.0
The Informer	2020-11-09	6.999999999999992	-163.70000000000005	49.0	3.43	11.428571428571427	10.428571428571429	115256.0	6.999999999999992	-163.70000000000005	233.7142857142857	79.0	194180.7142857143	2020-11-16	37442.0
The Addams Family2020 Re-release	2020-11-09	-74.1	-368.7000000000001	78.0	0.0	8.428571428571429	8.571428571428571	5918.0	-74.1	-368.7000000000001	61.14285714285714	7.7142857142857135	386771.1428571429	2020-11-16	0.0
The Broken Hearts Gallery	2020-11-09	88.1	-143.10000000000005	441.0	0.9222222222222222	19.428571428571427	18.714285714285715	6428.0	88.1	-143.10000000000005	249.85714285714286	3.1428571428571432	4063218.857142857	2020-11-16	1273.0
Honest Thief	2020-11-09	143.0	-155.2	245.0	5.916666666666666	4.285714285714286	4.142857142857143	1184504.0	143.0	-155.2	2056.714285714286	86.0	11724717.714285715	2020-11-16	642302.0
Freaky	2020-11-09	-54.7	0.0	6.0	21.352985638699934	0.42857142857142855	0.2857142857142857	3600355.0	-54.7	0.0	1059.4285714285713	207.85714285714286	1138727.142857143	2020-11-16	2053090.0
The Call	2020-11-09	-60.19999999999998	-299.0	213.0	76.0523688213283	14.285714285714285	11.285714285714285	4960.0	-60.19999999999998	-299.0	23.714285714285715	21.428571428571427	366534.2857142858	2020-11-16	1014.0
Spell	2020-11-09	43.7	-281.6	98.0	117.05981093736202	13.0	12.0	91819.0	43.7	-281.6	278.42857142857144	63.0	439034.7142857143	2020-11-16	15391.0
The New Mutants	2020-11-09	55.20000000000001	-54.90000000000001	539.0	13.605442176870756	9.857142857142858	9.142857142857142	154511.0	55.20000000000001	-54.90000000000001	279.0	85.57142857142857	23664840.0	2020-11-16	73449.0
Infidel	2020-11-09	-142.8	-474.4	392.0	2.063492063492064	23.42857142857143	22.857142857142854	1868.0	-142.8	-474.4	20.142857142857142	13.714285714285715	4050473.7142857136	2020-11-16	768.0
The Last Shift	2020-11-09	49849.2	181056.2	343.0	0.28	18.714285714285715	21.857142857142854	152122.0	49849.2	181056.2	65.28571428571429	163.42857142857142	686086.8571428572	2020-11-16	237863.0
Guardians of the Galaxy2020 Re-release	2020-11-09	3.3999999999999986	0.0	6.0	0.0	2.571428571428572	1.7142857142857142	406000.0	3.3999999999999986	0.0	668.5714285714286	36.857142857142854	119571.42857142855	2020-11-16	136000.0
Let Him Go	2020-11-09	114.99999999999996	-169.7	49.0	10.634920634920636	1.4285714285714286	1.2857142857142858	2832430.0	114.99999999999996	-169.7	2455.714285714286	164.28571428571428	5386378.571428572	2020-11-16	1110540.0
Heaven	2020-11-09	-73.2	14.1	162.0	56.689342403628146	15.428571428571427	15.714285714285715	220.0	-73.2	14.1	3.4285714285714284	5.0	63521.42857142857	2020-11-16	0.0
The Kid Detective	2020-11-09	-6.400000000000008	-337.9000000000001	106.0	0.11683404255319148	13.285714285714285	13.0	955.0	-6.400000000000008	-337.9000000000001	36.57142857142857	1.8571428571428568	207886.85714285716	2020-11-16	0.0
Elf2020 Re-release	2020-11-09	-21.700000000000006	0.0	6.0	0.0	4.0	2.571428571428572	170000.0	-21.700000000000006	0.0	128.57142857142858	80.71428571428571	53386.285714285725	2020-11-16	180000.0
The Empty Man	2020-11-09	-25.90000000000001	-373.3	147.0	2.163636363636364	9.285714285714286	8.285714285714286	179811.0	-25.90000000000001	-373.3	927.1428571428572	33.714285714285715	2845108.0	2020-11-16	44281.0
Counter Column	2020-11-09	-270.6	-431.6	196.0	0.015288000000000003	27.57142857142857	27.714285714285715	257.0	-270.6	-431.6	3.2857142857142856	13.571428571428573	15407.285714285714	2020-11-16	25.0
Pray: The Story of Patrick Peyton	2020-11-09	666.2	-170.4	245.0	0.0	23.42857142857143	23.57142857142857	3742.0	666.2	-170.4	19.0	27.57142857142857	66909.85714285714	2020-11-16	1494.0
Love and Monsters	2020-11-09	118.70000000000002	-118.2	196.0	9.603174603174603	11.142857142857142	10.571428571428571	120688.0	118.70000000000002	-118.2	156.42857142857142	120.0	985460.1428571428	2020-11-16	22201.0
Kindred	2020-11-09	-73.80000000000003	0.0	22.0	4.22972972972973	11.428571428571427	11.142857142857142	1667.0	-73.80000000000003	0.0	28.57142857142857	4.571428571428571	4478.857142857143	2020-11-16	0.0
After We Collided	2020-11-16	-97.4	-564.4	196.0	17.584194171495767	18.0	17.571428571428573	6047.0	-97.4	-564.4	93.85714285714286	13.285714285714285	2380682.8571428573	2020-11-23	2290.0
The Broken Hearts Gallery	2020-11-16	-77.3	-219.3	274.0	0.4222222222222222	9.714285714285714	10.428571428571429	1273.0	-77.3	-219.3	136.57142857142858	0.5714285714285714	2323986.5714285714	2020-11-23	0.0
The Empty Man	2020-11-16	46.00000000000002	-527.8	196.0	1.0363636363636364	14.142857142857142	13.714285714285715	44281.0	46.00000000000002	-527.8	375.71428571428567	22.714285714285715	2944382.4285714286	2020-11-23	13296.0
The Call	2020-11-16	-47.2	-411.1	343.0	103.81381633586224	21.428571428571427	21.285714285714285	1014.0	-47.2	-411.1	14.0	12.857142857142858	515823.5714285714	2020-11-23	330.0
The Santa Clause2020 Re-release	2020-11-16	-10.200000000000003	0.0	6.0	0.0	2.2857142857142856	1.4285714285714286	461000.0	-10.200000000000003	0.0	677.5714285714286	41.57142857142857	137857.14285714287	2020-11-23	245000.0
A Call to Spy	2020-11-16	29.39999999999999	-93.2	190.0	0.11	9.142857142857142	10.142857142857142	2168.0	29.39999999999999	-93.2	4.571428571428571	38.42857142857143	86309.42857142858	2020-11-23	0.0
The Forgotten Carols	2020-11-16	-101.1	0.0	6.0	0.0860496	6.142857142857142	3.571428571428572	103839.0	-101.1	0.0	25.285714285714285	251.28571428571428	36294.42857142857	2020-11-23	156728.0
Vanguard	2020-11-16	-15.5	0.0	6.0	20.59712773998489	3.0	2.0	380428.0	-15.5	0.0	589.2857142857142	39.285714285714285	112981.28571428572	2020-11-23	301009.0
Infidel	2020-11-16	1401.7	-32.599999999999966	441.0	1.7460317460317465	22.0	22.57142857142857	768.0	1401.7	-32.599999999999966	9.142857142857142	9.571428571428571	4051328.2857142864	2020-11-23	189.0
2 Hearts	2020-11-16	8.399999999999991	-538.8000000000002	245.0	2.3934426229508188	17.0	16.857142857142858	8781.0	8.399999999999991	-538.8000000000002	107.71428571428572	14.714285714285715	1341672.2857142857	2020-11-23	2718.0
Let Him Go	2020-11-16	103.20000000000002	-427.7000000000001	98.0	6.904761904761906	2.2857142857142856	2.142857142857143	1110540.0	103.20000000000002	-427.7000000000001	2221.8571428571427	76.14285714285714	7355922.857142857	2020-11-23	763680.0
Words on Bathroom Walls	2020-11-16	38.09999999999997	-632.8	637.0	1.4	23.0	23.0	150.0	38.09999999999997	-632.8	2.7142857142857144	11.428571428571427	2542435.5714285714	2020-11-23	24.0
Pray: The Story of Patrick Peyton	2020-11-16	425.9	-263.7	294.0	0.008299200000000001	20.428571428571427	20.142857142857142	1494.0	425.9	-263.7	16.0	14.571428571428573	69961.71428571429	2020-11-23	136.0
Love and Monsters	2020-11-16	-70.5	-194.1	134.0	3.4920634920634925	5.7142857142857135	6.2857142857142865	22201.0	-70.5	-194.1	73.71428571428571	24.285714285714285	607283.0	2020-11-23	0.0
Honest Thief	2020-11-16	142.5	-325.2999999999999	294.0	4.729166666666667	5.571428571428571	5.571428571428571	642302.0	142.5	-325.2999999999999	1590.571428571429	65.71428571428571	12649707.57142857	2020-11-23	537113.0
Spell	2020-11-16	23.200000000000014	-227.1	78.0	70.18680488068246	6.857142857142858	8.0	15391.0	23.200000000000014	-227.1	90.85714285714286	13.571428571428573	282168.71428571426	2020-11-23	0.0
Ammonite	2020-11-16	9.0	-219.8	27.0	1.4385964912280702	7.428571428571429	5.142857142857143	23383.0	9.0	-219.8	77.14285714285714	18.285714285714285	44192.285714285725	2020-11-23	7250.0
Buddy Games	2020-11-16	-32.0	0.0	6.0	1.2134831460674156	5.0	3.2857142857142856	150497.0	-32.0	0.0	171.85714285714286	53.42857142857143	45848.0	2020-11-23	174157.0
Elf2020 Re-release	2020-11-16	22.5	33.0	27.0	0.0	4.428571428571429	3.1428571428571432	180000.0	22.5	33.0	111.0	99.14285714285714	125814.85714285714	2020-11-23	430000.0
Freaky	2020-11-16	64.2	-189.3	49.0	23.99848828420258	1.0	1.0	2053090.0	64.2	-189.3	2294.142857142857	133.14285714285714	4604850.0	2020-11-23	1389310.0
Come Away	2020-11-16	134.10000000000002	-197.0	49.0	6.015384615384615	12.285714285714285	11.714285714285715	59472.0	134.10000000000002	-197.0	384.57142857142856	26.0	135697.42857142858	2020-11-23	16449.0
The Last Vermeer	2020-11-16	-32.7	0.0	6.0	1.59	3.571428571428572	2.4285714285714284	225691.0	-32.7	0.0	390.8571428571428	35.285714285714285	68503.85714285714	2020-11-23	263144.0
The Last Shift	2020-11-16	4.899999999999995	319107.4	218.0	0.07	2.2857142857142856	2.8571428571428568	237863.0	4.899999999999995	319107.4	77.14285714285714	251.42857142857144	549015.4285714285	2020-11-23	0.0
The War with Grandpa	2020-11-16	249.1	-313.6	294.0	2.6708860759493667	3.2857142857142856	3.4285714285714284	973453.0	249.1	-313.6	1949.142857142857	77.85714285714286	15617239.857142854	2020-11-23	1009656.0
Guardians of the Galaxy2020 Re-release	2020-11-16	9.9	-199.7	27.0	0.0	5.571428571428571	3.7142857142857135	136000.0	9.9	-199.7	349.28571428571433	23.714285714285715	213857.1428571429	2020-11-23	0.0
Gekijouban Fate/Stay Night: Heaven's Feel - III. Spring Song	2020-11-16	-27.0	0.0	12.0	0.0	4.0	2.4285714285714284	200000.0	-27.0	0.0	130.28571428571428	93.85714285714286	61428.57142857143	2020-11-23	0.0
True to the Game 2	2020-11-16	97.2	-248.1	98.0	2.74	8.857142857142858	8.428571428571429	248896.0	97.2	-248.1	253.14285714285717	149.57142857142858	801105.5714285716	2020-11-23	190020.0
Counter Column	2020-11-16	-100.0	-240.5	134.0	0.007425600000000002	12.285714285714285	13.285714285714285	25.0	-100.0	-240.5	0.5714285714285714	3.571428571428572	8863.0	2020-11-23	0.0
The Informer	2020-11-16	-58.20000000000002	-457.5	98.0	1.77	14.428571428571427	14.0	37442.0	-58.20000000000002	-457.5	123.0	53.714285714285715	270363.71428571426	2020-11-23	14287.0
Come Play	2020-11-16	166.0	-359.9000000000001	147.0	17.06349206349207	4.285714285714286	4.285714285714286	777275.0	166.0	-359.9000000000001	1708.0	74.28571428571429	7625119.285714285	2020-11-23	591625.0
The New Mutants	2020-11-16	6.9999999999999885	-358.7	588.0	13.794406651549515	11.142857142857142	11.0	73449.0	6.9999999999999885	-358.7	167.85714285714286	77.28571428571429	23776417.714285716	2020-11-23	13873.0
Embattled	2020-11-16	-62.0	0.0	6.0	1.15	8.428571428571429	5.571428571428571	15141.0	-62.0	0.0	29.142857142857146	31.57142857142857	4853.285714285715	2020-11-23	10662.0
The New Mutants	2020-11-23	-69.4	-561.0	637.0	10.959939531368107	17.142857142857142	16.428571428571427	13873.0	-69.4	-561.0	58.57142857142857	38.57142857142857	23821049.714285716	2020-11-30	5628.0
2 Hearts	2020-11-23	-80.5	-468.4	294.0	2.2622950819672134	22.285714285714285	21.571428571428577	2718.0	-80.5	-468.4	39.0	12.428571428571427	1347174.5714285714	2020-11-30	657.0
Infidel	2020-11-23	-114.1	192.2	274.0	0.9523809523809526	13.285714285714285	13.142857142857142	189.0	-114.1	192.2	6.857142857142858	2.0	2315390.5714285714	2020-11-30	0.0
The Grinch	2020-11-23	-43.8	0.0	2253.0	25.51020408163266	6.7142857142857135	4.571428571428571	82000.0	-43.8	0.0	68.57142857142857	73.14285714285714	116009128.57142857	2020-11-30	59000.0
Last Call	2020-11-23	58.20000000000001	0.0	15.0	3.515463917525773	16.571428571428573	13.142857142857142	2994.0	58.20000000000001	0.0	11.571428571428573	25.857142857142854	1195.0	2020-11-30	1255.0
Let Him Go	2020-11-23	39.29999999999999	-174.3	147.0	20.95238095238096	3.7142857142857135	3.571428571428572	763680.0	39.29999999999999	-174.3	1709.857142857143	67.57142857142857	8314437.142857143	2020-11-30	325275.0
Pray: The Story of Patrick Peyton	2020-11-23	407.3	-411.0	244.0	0.0	18.714285714285715	15.285714285714285	136.0	407.3	-411.0	1.4285714285714286	9.571428571428571	50550.714285714275	2020-11-30	0.0
Come Away	2020-11-23	-2.9999999999999787	-483.5	98.0	4.769230769230768	17.571428571428573	16.571428571428573	16449.0	-2.9999999999999787	-483.5	264.0	8.428571428571429	176593.0	2020-11-30	1418.0
Words on Bathroom Walls	2020-11-23	-133.3	-272.7	386.0	0.4	14.285714285714285	14.142857142857142	24.0	-133.3	-272.7	0.5714285714285714	3.4285714285714284	1452864.4285714286	2020-11-30	0.0
The Shade Shepherd	2020-11-23	0.0	0.0	41.0	0.009984	3.8571428571428568	0.0	101.0	0.0	0.0	0.14285714285714285	14.428571428571427	302.2857142857143	2020-11-30	0.0
Come Play	2020-11-23	73.79999999999998	-93.1	196.0	17.301587301587304	5.142857142857143	5.0	591625.0	73.79999999999998	-93.1	0.0	0.0	8352710.714285715	2020-11-30	323035.0
Elf2020 Re-release	2020-11-23	86.7	250.0	75.0	0.0	4.571428571428571	3.7142857142857135	430000.0	86.7	250.0	487.8571428571428	89.57142857142857	419691.4285714286	2020-11-30	320000.0
Embattled	2020-11-23	268.20000000000005	-165.9	49.0	1.19	18.857142857142858	18.428571428571427	10662.0	268.20000000000005	-165.9	58.0	29.42857142857143	20296.571428571428	2020-11-30	1197.0
Stardust	2020-11-23	61.2	0.0	15.0	8.35	15.142857142857142	12.142857142857142	5964.0	61.2	0.0	29.714285714285715	20.0	2368.142857142857	2020-11-30	1749.0
Find Your Voice	2020-11-23	0.0	0.0	76.0	0.009984	3.571428571428572	0.0	157.0	0.0	0.0	0.14285714285714285	22.428571428571423	859.8571428571429	2020-11-30	0.0
The Forgotten Carols	2020-11-23	156.99999999999997	-97.8	49.0	0.09827999999999999	12.285714285714285	12.571428571428573	156728.0	156.99999999999997	-97.8	61.42857142857143	363.28571428571433	193789.42857142855	2020-11-30	76280.0
True to the Game 2	2020-11-23	31.800000000000008	-130.7	147.0	1.9	12.0	11.714285714285715	190020.0	31.800000000000008	-130.7	190.28571428571428	144.85714285714286	1021879.2857142857	2020-11-30	83064.0
Ammonite	2020-11-23	-17.3	-206.5	48.0	1.3157894736842104	8.142857142857142	5.571428571428571	7250.0	-17.3	-206.5	24.857142857142854	17.714285714285715	68005.71428571429	2020-11-30	0.0
The Santa Clause2020 Re-release	2020-11-23	38.1	-188.0	40.0	0.0	5.7142857142857135	4.571428571428571	245000.0	38.1	-188.0	778.5714285714287	31.857142857142854	428571.4285714286	2020-11-30	0.0
The Empty Man	2020-11-23	99.79999999999998	-492.00000000000006	245.0	0.8	17.285714285714285	16.857142857142858	13296.0	99.79999999999998	-492.00000000000006	125.57142857142857	16.428571428571427	2972987.4285714286	2020-11-30	3889.0
The Informer	2020-11-23	65.20000000000002	-428.4	147.0	1.5699999999999998	16.142857142857142	16.428571428571427	14287.0	65.20000000000002	-428.4	48.0	59.0	292645.85714285716	2020-11-30	0.0
The Croods: A New Age	2020-11-23	41.8	0.0	15.0	1.52	0.7142857142857143	0.5714285714285714	14274455.0	41.8	0.0	1579.2857142857142	921.8571428571428	5890870.0	2020-11-30	6025955.0
The Call	2020-11-23	5.300000000000004	-123.6	162.0	44.55828970820154	9.285714285714286	8.714285714285714	330.0	5.300000000000004	-123.6	2.571428571428572	7.571428571428571	221321.1428571429	2020-11-30	0.0
National Lampoon's Christmas Vacation2020 Re-release	2020-11-23	123.79999999999998	0.0	15.0	0.0	7.2857142857142865	6.0	220000.0	123.79999999999998	0.0	220.0	101.57142857142857	82857.14285714286	2020-11-30	0.0
Buddy Games	2020-11-23	52.6	-85.3	49.0	5.764044943820225	12.571428571428573	12.285714285714285	174157.0	52.6	-85.3	398.1428571428572	62.14285714285714	233351.7142857143	2020-11-30	71914.0
After We Collided	2020-11-23	50.6	-412.5	245.0	17.059292852943653	22.428571428571423	22.0	2290.0	50.6	-412.5	13.0	24.714285714285715	2384267.714285714	2020-11-30	0.0
The War with Grandpa	2020-11-23	51.0	312.8	343.0	2.6455696202531644	2.7142857142857144	2.571428571428572	1009656.0	51.0	312.8	1607.428571428571	91.28571428571428	16689214.285714285	2020-11-30	428276.0
Honest Thief	2020-11-23	88.39999999999998	-66.4	343.0	4.083333333333333	5.857142857142858	5.571428571428571	537113.0	88.39999999999998	-66.4	1054.7142857142858	75.57142857142857	13250094.142857146	2020-11-30	280832.0
The Bra	2020-11-23	0.0	0.0	41.0	0.51	4.0	0.0	88.0	0.0	0.0	0.14285714285714285	12.571428571428573	1106.0	2020-11-30	0.0
Frozen2020 Re-release	2020-11-23	136.1	0.0	15.0	0.0	9.142857142857142	7.2857142857142865	155000.0	136.1	0.0	976.4285714285713	15.714285714285715	60000.0	2020-11-30	60000.0
Freaky	2020-11-23	18.099999999999994	-191.4	98.0	20.59712773998489	1.7142857142857142	1.5714285714285714	1389310.0	18.099999999999994	-191.4	1919.0	106.28571428571428	6347896.428571427	2020-11-30	698585.0
In the Life of Music	2020-11-23	0.0	0.0	104.0	0.042432	3.7142857142857135	0.0	112.0	0.0	0.0	0.14285714285714285	16.0	883.0	2020-11-30	0.0
Vanguard	2020-11-23	0.5	-174.3	49.0	48.94179894179897	8.571428571428571	8.142857142857142	301009.0	0.5	-174.3	973.1428571428572	44.57142857142857	538987.4285714285	2020-11-30	84235.0
The Last Vermeer	2020-11-23	23.10000000000001	-100.3	49.0	1.65	9.571428571428571	9.142857142857142	263144.0	23.10000000000001	-100.3	900.5714285714287	41.142857142857146	357636.14285714284	2020-11-30	54065.0
2 Hearts	2020-11-30	-31.699999999999996	-227.6	190.0	1.6600000000000001	9.571428571428571	11.0	657.0	-31.699999999999996	-227.6	10.857142857142858	4.714285714285714	770698.0	2020-12-07	0.0
The War with Grandpa	2020-11-30	279.2	-426.79999999999995	392.0	2.44	4.428571428571429	4.142857142857143	428276.0	279.2	-426.79999999999995	1407.857142857143	45.57142857142857	17380373.57142857	2020-12-07	0.0
The New Mutants	2020-11-30	34.3	-412.3	686.0	6.55223880597015	15.0	15.142857142857142	5628.0	34.3	-412.3	35.714285714285715	23.857142857142858	23829660.285714287	2020-12-07	0.0
The Last Vermeer	2020-11-30	-42.400000000000006	-206.0	50.0	0.492544	4.142857142857143	4.714285714285714	54065.0	-42.400000000000006	-206.0	512.0	8.285714285714286	299229.5714285714	2020-12-07	0.0
The Grinch	2020-11-30	-9.799999999999997	-84.0	2274.0	43.30435878054927	5.428571428571429	3.7142857142857144	59000.0	-9.799999999999997	-84.0	60.0	59.857142857142854	116043142.85714285	2020-12-07	0.0
The Godfather Coda: The Death of Michael Corleone2020 Re-release	2020-11-30	-55.7	0.0	6.0	0.0	5.714285714285714	3.857142857142857	52000.0	-55.7	0.0	76.71428571428571	41.285714285714285	16428.571428571428	2020-12-07	0.0
The Forgotten Carols	2020-11-30	162.0	-351.59999999999997	98.0	0.160992	11.857142857142858	11.714285714285714	76280.0	162.0	-351.59999999999997	63.0	172.71428571428572	302649.85714285716	2020-12-07	0.0
The Empty Man	2020-11-30	170.2	-437.2	294.0	0.8594716981132074	15.571428571428571	15.714285714285714	3889.0	170.2	-437.2	84.28571428571429	6.428571428571429	2981648.5714285714	2020-12-07	0.0
The Croods: A New Age	2020-11-30	178.39999999999998	-328.0	63.0	0.597792	1.0	1.0	6025955.0	178.39999999999998	-328.0	2208.4285714285716	389.7142857142857	16830405.714285713	2020-12-07	0.0
The Climb	2020-11-30	4.8	0.0	37.0	1.9195402298850577	3.142857142857143	1.5714285714285714	2148.0	4.8	0.0	14.857142857142858	5.857142857142857	62455.0	2020-12-07	0.0
Stardust	2020-11-30	-42.2	-88.9	30.0	7.936507936507938	7.571428571428571	8.857142857142858	1749.0	-42.2	-88.9	25.142857142857142	5.285714285714286	4037.5714285714284	2020-12-07	0.0
Let Him Go	2020-11-30	110.89999999999999	-405.7	196.0	12.698412698412701	5.142857142857143	4.571428571428571	325275.0	110.89999999999999	-405.7	1566.7142857142858	35.42857142857143	8856897.857142856	2020-12-07	0.0
Last Call	2020-11-30	-30.20000000000001	-174.7	41.0	5.202247191011236	11.714285714285714	10.142857142857142	1255.0	-30.20000000000001	-174.7	10.857142857142858	11.142857142857142	2735.0	2020-12-07	0.0
Honest Thief	2020-11-30	93.9	-323.40000000000003	392.0	5.170731707317072	7.0	6.714285714285714	280832.0	93.9	-323.40000000000003	893.5714285714286	47.42857142857143	13668195.142857144	2020-12-07	0.0
Half Brothers	2020-11-30	-9.7	0.0	6.0	1.9072164948453607	0.8571428571428571	0.5714285714285714	720000.0	-9.7	0.0	586.7142857142857	75.0	210000.0	2020-12-07	0.0
Frozen2020 Re-release	2020-11-30	61.900000000000006	-156.7	33.0	0.0	5.857142857142857	3.857142857142857	60000.0	61.900000000000006	-156.7	581.5714285714286	6.142857142857143	84285.71428571429	2020-12-07	0.0
Freaky	2020-11-30	81.89999999999999	-363.1	147.0	44.406651549508716	2.4285714285714284	2.2857142857142856	698585.0	81.89999999999999	-363.1	1819.142857142857	60.0	7367260.714285715	2020-12-07	0.0
Embattled	2020-11-30	209.0	-262.6	50.0	0.48137142857142856	8.714285714285714	10.0	1197.0	209.0	-262.6	26.285714285714285	3.4285714285714284	15178.142857142857	2020-12-07	0.0
Elf2020 Re-release	2020-11-30	81.0	8.299999999999997	69.0	0.0	2.142857142857143	1.5714285714285714	320000.0	81.0	8.299999999999997	235.71428571428572	82.85714285714286	422957.71428571426	2020-12-07	0.0
Die Hard2020 Re-release	2020-11-30	-13.100000000000001	0.0	6.0	0.0	4.142857142857143	2.7142857142857144	189000.0	-13.100000000000001	0.0	502.2857142857143	22.714285714285715	56571.42857142857	2020-12-07	0.0
Come Play	2020-11-30	171.89999999999998	-348.4	245.0	13.170731707317074	6.142857142857143	5.857142857142857	323035.0	171.89999999999998	-348.4	919.2857142857143	55.285714285714285	8796512.857142856	2020-12-07	0.0
Come Away	2020-11-30	-82.3	-290.1	81.0	3.39	8.857142857142858	7.0	1418.0	-82.3	-290.1	150.85714285714286	0.5714285714285714	104653.71428571429	2020-12-07	0.0
Buddy Games	2020-11-30	-50.1	-370.3	98.0	3.8499999999999996	12.285714285714286	12.0	71914.0	-50.1	-370.3	312.14285714285717	38.142857142857146	364100.14285714284	2020-12-07	0.0
All My Life	2020-11-30	-50.0	0.0	6.0	7.063492063492065	2.2857142857142856	1.4285714285714286	350000.0	-50.0	0.0	415.7142857142857	51.42857142857143	110000.0	2020-12-07	0.0
True to the Game 2	2020-11-30	-3.0	-86.6	90.0	0.5700000000000001	4.714285714285714	3.142857142857143	83064.0	-3.0	-86.6	76.28571428571429	66.57142857142857	503774.28571428574	2020-12-07	0.0
Vanguard	2020-11-30	-41.099999999999994	-493.5	98.0	88.43537414965989	11.428571428571429	10.714285714285714	84235.0	-41.099999999999994	-493.5	407.14285714285717	29.571428571428573	730766.4285714285	2020-12-07	0.0
